,1,2,3
2161,-4869.2305,338.6881,4445.913
2162,-4954.809,313.63428,4537.655
2163,-4969.3706,340.57248,4505.366
2164,-4996.345,343.60574,4506.9507
2165,-5016.438,343.80853,4505.049
2166,-4956.451,430.94092,4324.846
2167,-4882.719,683.329,3991.0146
2168,-5064.899,1186.9078,3739.06
2169,-5418.2188,1722.7161,3691.3464
2170,-5500.9316,1894.8151,3625.07
2171,-5621.602,2215.1377,3568.4812
2172,-5826.622,2574.8765,3679.2188
2173,-5868.469,2596.5286,3765.4631
2174,-5833.455,2498.5447,3807.875
2175,-5597.4473,2132.9717,3843.3357
2176,-5383.005,1853.7665,3745.6768
2177,-5148.4023,1381.343,3740.1895
2178,-4841.477,1100.4253,3540.8452
2179,-4709.446,1179.0061,3376.7898
2180,-4714.3564,1270.8812,3309.7412
2181,-4707.1416,1322.6868,3256.333
2182,-4689.8584,1157.6298,3351.587
2183,-4799.459,1039.4906,3499.6582
2184,-4968.386,913.65485,3748.1086
2185,-5072.514,847.37573,3873.3777
2186,-5088.9478,904.7368,3797.202
2187,-5037.9424,1005.18085,3638.2024
2188,-4858.3877,1129.7886,3360.2373
2189,-4695.412,1190.5865,3131.2275
2190,-4550.814,1237.8695,2847.006
2191,-4409.1685,1398.2584,2527.3022
2192,-4441.101,1714.3278,2297.9407
2193,-4754.7393,2438.7502,1948.796
2194,-5188.7925,3162.5085,1722.1047
2195,-5449.6885,3860.9739,1436.3743
2196,-5644.4043,4134.3687,1398.3115
2197,-5735.7046,4080.0422,1431.013
2198,-5754.475,3927.4539,1433.5
2199,-5704.98,3691.2117,1498.4873
2200,-5466.964,3247.609,1540.033
2201,-4588.172,2330.109,1623.0823
2202,-3186.626,1167.3634,1657.7186
2203,-2312.063,896.1823,1326.783
2204,-2059.5771,911.53577,1274.3108
2205,-2012.1459,840.29254,1313.247
2206,-1766.7632,826.51276,1015.82776
2207,-1432.0586,1008.4102,482.26096
2208,-1363.4796,1074.3207,260.60315
2209,-1429.7385,1089.8767,139.5908
2210,-1459.4456,1099.5254,99.34388
2211,-1408.2922,1139.6128,17.719389
2212,-1279.1619,1253.2567,-83.83425
2213,-1319.6484,980.9229,329.59024
2214,-2189.8374,738.30334,1583.6104
2215,-2820.536,755.4651,2131.8127
2216,-3229.1328,1246.8796,2120.5044
2217,-3605.086,1849.8435,1879.9102
2218,-3753.1946,2457.5325,1451.9249
2219,-3832.9565,2769.7622,1242.1523
2220,-3631.9084,2579.9932,1257.3896
2221,-3155.1765,2126.0828,1261.3373
2222,-2674.0305,1790.8871,1093.5345
2223,-2399.5635,1368.0438,1166.5973
2224,-2355.3987,1300.9093,1152.353
2225,-2384.891,1000.2125,1484.0045
2226,-2491.0684,708.22766,1874.0375
2227,-2476.9019,591.2929,2020.3926
2228,-2554.4448,603.4943,2115.1338
2229,-2429.3762,619.7912,1930.982
2230,-1871.403,668.3624,1306.5376
2231,-1277.3904,795.6508,429.8736
2232,-1023.81213,959.90936,-95.63119
2233,-913.1088,1001.1757,-304.1655
2234,-897.77045,1003.45886,-320.141
2235,-948.9463,1001.9919,-235.33987
2236,-1064.8644,921.62573,45.897076
2237,-1385.4541,732.8317,654.1002
2238,-2462.32,637.9995,1928.6747
2239,-2808.2292,756.779,2220.1013
2240,-3007.9434,1001.57745,2179.5393
2241,-2982.0676,1337.7975,1823.0667
2242,-3101.1602,1674.2719,1607.7021
2243,-3114.437,2079.0574,1227.9205
2244,-2772.0703,2165.4834,838.8249
2245,-2590.206,2291.6536,495.32617
2246,-2970.4543,3125.4326,29.662645
2247,-3429.7075,3459.1804,96.03256
2248,-3755.6523,4087.7866,-366.9096
2249,-3330.2632,3016.8005,401.2004
2250,-2796.1216,1245.2158,1617.9193
2251,-2747.9392,815.3166,2024.4037
2252,-2754.2798,783.4752,2068.567
2253,-2593.973,766.8756,1889.0876
2254,-1945.2103,838.49646,1149.1945
2255,-1541.8279,1021.40546,487.20956
2256,-1304.7021,1173.7561,-50.713154
2257,-1179.2408,1175.7494,-233.18796
2258,-1126.4094,1179.457,-339.6592
2259,-1056.1857,1125.009,-331.72662
2260,-1082.468,1061.6815,-153.79202
2261,-1197.013,851.61273,340.70715
2262,-1938.8363,669.15674,1376.2235
2263,-2534.5894,992.6917,1667.105
2264,-3402.339,2798.7214,796.3829
2265,-4283.5225,5645.756,-1527.3577
2266,-4374.1084,6556.937,-2258.1443
2267,-4434.9097,6865.1895,-2453.7397
2268,-4389.777,6650.0327,-2313.7043
2269,-4335.1353,6328.2637,-2091.9473
2270,-4199.354,5958.1514,-1885.5216
2271,-3802.9,4885.541,-1053.3789
2272,-3393.3328,4059.2942,-496.8086
2273,-2937.2134,2637.8423,546.5883
2274,-2740.0188,1027.9164,1836.0996
2275,-2568.946,609.87103,2142.9595
2276,-2565.1213,622.18774,2124.4392
2277,-2283.7927,643.05566,1767.305
2278,-1665.2646,650.8774,1111.9327
2279,-1160.0562,814.2644,372.0337
2280,-904.273,996.90704,-245.57985
2281,-860.07996,998.6752,-315.7464
2282,-850.82513,992.2159,-309.8549
2283,-854.71326,991.8681,-299.50677
2284,-932.95795,975.8145,-174.7407
2285,-1087.4396,880.2066,164.90903
2286,-1712.6587,643.95593,1155.1222
2287,-2433.4639,840.75726,1640.7162
2288,-2896.4697,1426.006,1630.256
2289,-2995.7983,1799.9088,1449.0591
2290,-2998.0588,1831.9895,1456.8518
2291,-3084.2107,1895.5491,1497.0955
2292,-3009.4011,2082.9055,1257.4923
2293,-2973.784,2490.5125,822.32904
2294,-3096.5068,3143.6282,355.24152
2295,-2927.5647,2865.2544,408.3689
2296,-2656.739,2927.5952,4.407164
2297,-2364.0098,2007.3307,471.98773
2298,-2299.0747,980.4769,1334.4943
2299,-2186.8958,628.8713,1671.8062
2300,-2172.2034,625.46826,1666.9006
2301,-1930.2067,642.2383,1411.03
2302,-1474.6417,641.5232,912.9905
2303,-1041.5706,865.9387,136.7249
2304,-896.22125,1005.24756,-295.58737
2305,-865.23413,1010.1599,-352.94888
2306,-832.26166,1019.41327,-412.65103
2307,-817.8845,1020.51337,-417.70456
2308,-800.45197,1024.2273,-431.51947
2309,-817.2331,1061.1847,-518.5502
2310,-888.54016,1113.2032,-580.3407
2311,-1133.9904,1373.1967,-651.2377
2312,-1919.4327,3069.2422,-1415.0022
2313,-3226.6282,5154.076,-2107.0754
2314,-4289.787,6428.14,-2469.676
2315,-4596.952,6798.2607,-2501.7888
2316,-4665.486,6657.515,-2312.6326
2317,-4412.1416,5896.6006,-1841.8322
2318,-4543.771,5501.8643,-1449.5204
2319,-4299.4033,4728.288,-1002.94275
2320,-3466.2595,3613.7534,-638.502
2321,-2465.9624,2651.3364,-600.7795
2322,-1275.0028,1586.9203,-471.63373
2323,-1046.3176,999.66235,82.27617
2324,-1151.13,906.4653,254.34804
2325,-1107.4666,916.24335,191.05359
2326,-948.24274,999.0503,-108.50842
2327,-821.93225,1033.6191,-358.14005
2328,-873.0517,1080.9138,-513.98047
2329,-968.9393,996.1766,-427.15216
2330,-1010.6436,957.66254,-381.78748
2331,-1023.60803,946.4613,-365.7879
2332,-946.9182,1001.936,-437.94766
2333,-900.30505,1041.8866,-491.1673
2334,-870.69214,1078.3187,-563.49524
2335,-1136.5106,1349.085,-648.8735
2336,-1875.7318,2901.986,-1306.8677
2337,-2647.3035,4630.621,-2074.7368
2338,-3403.3232,6010.8223,-2727.2495
2339,-3735.3909,6692.714,-3057.1367
2340,-3567.3765,6524.081,-3007.3037
2341,-3239.6558,6016.788,-2790.4324
2342,-2938.9082,5469.138,-2538.206
2343,-2769.3232,5118.698,-2379.023
2344,-2501.1401,4537.7036,-2121.6096
2345,-1919.3242,3247.0862,-1554.112
2346,-1296.829,1425.2826,-393.7444
2347,-1071.2048,953.6735,-13.455641
2348,-1118.901,938.5031,73.17352
2349,-1104.7062,967.3079,9.445563
2350,-1008.95825,1041.7034,-212.2425
2351,-959.4157,1085.9423,-428.90924
2352,-1002.60626,1158.9789,-616.0936
2353,-1016.6253,1189.2599,-692.4929
2354,-1019.24005,1180.0005,-704.0533
2355,-1035.5339,1143.1039,-680.57477
2356,-1005.9403,1141.6653,-700.78143
2357,-1016.9536,1111.7797,-676.76074
2358,-1094.6617,1078.6705,-625.05963
2359,-1374.2592,1385.4961,-706.30914
2360,-1983.0381,2852.8528,-1328.3844
2361,-2712.4158,4762.097,-2206.4846
2362,-3420.053,6006.3936,-2761.413
2363,-3850.8774,6859.449,-3167.865
2364,-4077.9812,7177.7593,-3282.234
2365,-4125.139,6752.5483,-2930.367
2366,-3893.8071,6054.0464,-2461.9563
2367,-3396.6907,4876.146,-1781.8639
2368,-2840.1487,3707.4014,-1275.6233
2369,-2146.972,2574.6133,-1050.4319
2370,-1213.0468,1464.4543,-795.1668
2371,-799.9532,1046.0697,-601.3452
2372,-793.80035,1017.88776,-527.2324
2373,-794.6796,1014.25366,-512.831
2374,-795.7997,1038.0844,-612.71857
2375,-848.3116,1109.1584,-754.9938
2376,-1054.8773,992.5772,-631.0498
2377,-1162.4031,845.6613,-429.9248
2378,-1147.1442,701.18176,-284.2636
2379,-1130.4037,649.987,-237.3276
2380,-1134.897,701.5875,-285.93713
2381,-1141.4937,737.7054,-316.8319
2382,-1108.9629,771.86487,-363.25778
2383,-1291.6055,1082.4056,-470.4495
2384,-1969.8066,2322.5605,-941.8838
2385,-2642.157,4582.885,-2129.9062
2386,-3268.7002,6035.1855,-2844.8762
2387,-3764.9324,7001.548,-3280.9084
2388,-3970.7102,7426.576,-3490.8948
2389,-3870.0947,7273.784,-3446.2014
2390,-3686.0098,6798.064,-3213.837
2391,-3182.7869,5820.1865,-2759.0847
2392,-2601.8755,4434.8784,-2082.895
2393,-1961.3065,2760.078,-1291.2926
2394,-1305.7922,1484.7585,-714.548
2395,-1060.608,1209.3192,-545.9479
2396,-1171.41,1253.9178,-464.23087
2397,-1305.3582,1305.7238,-344.5203
2398,-1565.98,1488.8163,-326.5739
2399,-2008.8857,1674.0737,-273.73544
2400,-2228.9084,1359.8488,74.13973
2401,-2404.475,1230.3728,318.77414
2402,-2461.4207,1165.4169,446.145
2403,-2541.6099,1200.1963,536.7692
2404,-2636.4348,1249.4098,628.4745
2405,-2738.6,1475.1555,595.93445
2406,-2801.8027,1773.907,877.66315
2407,-2832.0537,1711.7327,1067.0415
2408,-3149.763,1980.8529,1141.8933
2409,-4007.0657,2427.082,1570.9299
2410,-4816.8843,3067.8213,1594.4698
2411,-5179.362,3664.3413,1441.9127
2412,-5260.5596,3484.3477,1739.8776
2413,-5145.762,2976.9019,2157.442
2414,-5081.4697,2720.6814,2368.255
2415,-5077.708,2631.411,2408.5493
2416,-5055.5645,2830.5764,2077.6416
2417,-4175.76,2632.137,1569.1201
2418,-3201.9148,1484.2322,1952.577
2419,-2956.7817,829.86346,2364.3647
2420,-2986.8105,757.8584,2463.702
2421,-2726.725,768.3899,2193.9868
2422,-2189.3088,935.28033,1461.5608
2423,-1982.9845,1042.216,965.68585
2424,-2134.9954,945.2802,1083.8848
2425,-2251.566,956.1155,1115.9777
2426,-2226.654,1000.5415,1044.0945
2427,-2152.8164,1041.135,945.28424
2428,-1875.3376,1144.4993,683.63025
2429,-1628.9581,1249.6498,471.19238
2430,-2092.413,836.1117,1351.9183
2431,-2719.8074,1354.0382,1502.5645
2432,-3846.493,3222.385,757.16693
2433,-4715.227,5396.78,-738.47266
2434,-4904.9604,6354.772,-1430.5696
2435,-5189.0625,6951.8423,-1678.1981
2436,-5422.653,7089.019,-1591.4879
2437,-5504.182,7093.142,-1513.8844
2438,-5590.713,6757.8105,-1178.8134
2439,-5562.9746,6205.8945,-774.5346
2440,-5247.4316,5575.881,-572.1586
2441,-4100.3584,4461.556,-389.6712
2442,-3367.8254,2077.6995,1392.3506
2443,-3392.202,1414.7115,2108.5417
2444,-3673.023,1478.9401,2349.5571
2445,-3823.87,1594.2754,2353.3425
2446,-4153.025,1833.5703,2344.4934
2447,-4586.298,1540.541,2906.7317
2448,-4788.5337,1181.73,3176.0713
2449,-4694.39,961.5988,3171.9812
2450,-4369.1846,753.4416,2941.4807
2451,-3833.9167,656.39996,2567.2236
2452,-3287.189,643.113,2196.125
2453,-2843.2417,749.83075,1848.6227
2454,-2741.6492,929.8555,2079.8167
2455,-3440.4136,1133.6449,2528.6753
2456,-4160.7026,2132.5369,2137.2764
2457,-4608.1577,3307.9473,1365.864
2458,-4991.6533,4215.826,878.50635
2459,-5077.114,4654.4155,569.0278
2460,-5142.57,4879.2915,376.24823
2461,-5051.679,4723.6772,439.39935
2462,-5073.784,4681.305,395.91873
2463,-5013.483,4657.867,277.64383
2464,-4588.5386,4452.108,39.63355
2465,-3390.1226,3077.8435,496.6376
2466,-2715.8464,1247.447,1568.631
2467,-2615.089,593.50507,2100.333
2468,-2707.3152,563.53827,2248.6562
2469,-2487.1199,564.3775,2010.8683
2470,-1956.7452,629.0724,1436.2776
2471,-1272.316,835.07874,416.62885
2472,-1025.4678,1044.3691,-64.00256
2473,-1021.05597,1113.9342,-136.67941
2474,-1132.2393,1166.5516,-65.26861
2475,-1283.434,1145.1846,168.14421
2476,-1397.6821,1183.6395,247.15202
2477,-1593.2312,1126.3535,489.9629
2478,-2118.1167,855.3325,1290.6337
2479,-2994.311,1416.2969,1711.2849
2480,-4194.735,3514.6475,789.2214
2481,-4878.292,5886.736,-1036.5995
2482,-5116.671,6756.11,-1598.647
2483,-5427.8203,6944.8545,-1361.6812
2484,-5631.5967,6869.44,-1048.6664
2485,-5782.218,6535.7153,-603.4148
2486,-5889.593,6000.7354,-111.36168
2487,-5796.2285,5505.839,228.60797
2488,-5293.2476,5183.4414,-24.296532
2489,-3586.195,4012.8882,-205.25778
2490,-2741.3826,1687.2123,1225.0978
2491,-2595.9978,803.0913,1952.1152
2492,-2568.7166,737.64636,1989.0338
2493,-2400.2776,704.1901,1814.2224
2494,-1812.277,775.1792,1108.8054
2495,-1446.2362,1056.8214,475.45233
2496,-1407.4413,1237.299,240.10333
2497,-1544.9877,1211.2565,285.02536
2498,-1557.4572,1215.779,275.7719
2499,-1536.945,1216.6095,260.38913
2500,-1465.7462,1209.0352,204.67755
2501,-1401.726,1197.7532,133.33174
2502,-1290.0947,1276.8981,-34.10598
2503,-1572.808,2194.7078,-750.4157
2504,-2489.8613,4044.2715,-1541.1876
2505,-4368.845,5669.566,-1701.3215
2506,-4942.2075,6036.9614,-1339.4615
2507,-5371.426,6163.5586,-928.9123
2508,-5666.8735,6060.846,-476.69443
2509,-5812.532,5797.858,-113.589226
2510,-5794.5063,5421.812,159.7434
2511,-5575.1704,4961.9194,254.0631
2512,-5202.3687,4555.847,142.60748
2513,-3763.5056,3363.807,198.42543
2514,-2442.95,1920.1042,536.3255
2515,-1854.1,1220.7886,723.1039
2516,-1730.4105,1136.4543,668.0761
2517,-1637.9465,1066.0021,618.1177
2518,-1508.7854,1127.956,430.0626
2519,-1582.5602,1142.378,332.9571
2520,-1798.8477,1020.9037,402.3442
2521,-1873.7789,901.7945,460.46436
2522,-1816.2463,859.9549,411.09122
2523,-1723.6311,856.6492,325.38065
2524,-1569.6326,916.41156,136.70258
2525,-1538.7627,956.5453,34.444115
2526,-1618.138,991.72565,-16.80267
2527,-1950.2563,1508.3167,-270.1739
2528,-2685.0315,3116.6614,-985.3857
2529,-3548.172,4801.768,-1640.5597
2530,-4214.3545,5800.4805,-2024.7181
2531,-4590.893,6340.223,-2203.5266
2532,-4789.9517,6681.677,-2222.5378
2533,-4808.9033,6467.2256,-2068.9036
2534,-4340.7876,5532.0854,-1682.4016
2535,-3562.4844,4402.0425,-1222.8815
2536,-2923.33,3515.4404,-986.49426
2537,-2132.4475,2708.89,-882.6781
2538,-1866.2806,1915.4154,-256.5802
2539,-1863.7737,1400.5999,344.69055
2540,-1967.4624,1409.1035,416.89395
2541,-1906.91,1411.813,355.20184
2542,-1862.9739,1422.731,302.00006
2543,-1961.5892,1549.9021,-5.9821153
2544,-2114.5994,1428.44,96.702415
2545,-2170.267,1366.1316,160.26595
2546,-2183.2993,1363.3098,167.37193
2547,-2233.3772,1434.1132,152.4477
2548,-2185.017,1547.3524,44.476273
2549,-1966.3739,1593.8257,36.294952
2550,-2168.9978,1163.1162,908.5691
2551,-2627.6365,1469.6597,1188.3658
2552,-3179.6565,2596.3855,700.443
2553,-3918.0796,4053.9143,2.5248327
2554,-4581.684,5547.6064,-1155.4652
2555,-4706.1885,6512.7812,-2013.018
2556,-4734.7026,6809.407,-2263.6287
2557,-4813.183,7054.169,-2364.0894
2558,-4877.5635,6832.722,-2115.7397
2559,-4924.4683,6145.5493,-1525.8082
2560,-4497.769,5010.1406,-724.64264
2561,-3645.185,3470.8643,204.33507
2562,-3082.8015,1830.9114,1308.2404
2563,-2949.8352,1117.6445,1943.0776
2564,-3059.811,1084.0676,2089.345
2565,-3026.0027,1060.4686,2073.4514
2566,-2677.8328,1149.2411,1573.9253
2567,-2390.439,1229.5863,1029.9639
2568,-2285.0781,1357.922,763.07355
2569,-2087.6912,1285.579,651.0448
2570,-1910.1814,1269.2972,506.23575
2571,-1805.8676,1181.0016,503.80508
2572,-1699.9684,1084.5836,512.9315
2573,-1673.2579,917.97906,680.3564
2574,-2365.1094,798.88745,1587.2856
2575,-2826.7249,1385.9335,1563.0004
2576,-3292.8384,3975.8594,-489.97913
2577,-4155.926,6355.4287,-2347.85
2578,-4299.838,7322.908,-2973.0906
2579,-4410.3135,7846.612,-3293.7039
2580,-4393.9976,8008.254,-3409.6282
2581,-4339.039,8023.649,-3421.0356
2582,-4274.173,7815.773,-3262.2493
2583,-4172.45,7269.3237,-3030.2012
2584,-3978.2078,6345.0186,-2513.3284
2585,-3230.4927,4541.7686,-1414.7627
2586,-2371.3003,2077.215,293.84924
2587,-2220.104,993.78394,1185.8491
2588,-2361.19,959.56805,1421.5383
2589,-2293.411,945.0644,1361.1232
2590,-2022.0745,1000.80597,969.9569
2591,-1770.436,1283.4934,352.0646
2592,-1638.8412,1471.7527,-146.82962
2593,-1509.3007,1425.8822,-268.47583
2594,-1371.1288,1351.591,-334.56973
2595,-1240.2466,1262.934,-318.72342
2596,-1111.8055,1165.0205,-296.77206
2597,-1107.618,1006.5832,-10.346198
2598,-1878.9863,710.2962,1248.5488
2599,-2591.692,1273.4114,1435.7567
2600,-3144.829,3108.518,284.97476
2601,-3512.5737,5350.61,-1851.2399
2602,-3990.1064,6670.4966,-2767.4524
2603,-4168.665,7389.8857,-3147.351
2604,-4229.7056,7802.283,-3391.7583
2605,-4213.04,7742.0054,-3360.6367
2606,-4085.624,7390.9575,-3246.5264
2607,-3814.9194,6785.3105,-2996.5747
2608,-3213.5027,5715.9453,-2522.503
2609,-2449.08,3946.9343,-1589.2931
2610,-2032.7168,1830.8041,291.83746
2611,-2070.107,871.24,1271.6229
2612,-2130.1187,876.4984,1319.2015
2613,-2026.3452,886.11066,1183.7213
2614,-1545.1434,991.6394,469.55334
2615,-1309.3363,1273.4703,-236.5898
2616,-1274.2709,1310.473,-408.14136
2617,-1229.3932,1303.3254,-486.83868
2618,-1277.4502,1221.19,-405.5331
2619,-1194.9622,1272.1898,-442.70856
2620,-1157.544,1235.4141,-363.83737
2621,-1098.1462,1173.4004,-260.40536
2622,-1559.9315,811.9772,685.89795
2623,-2565.1694,1401.9777,1209.4832
2624,-3681.6487,3545.04,315.69373
2625,-4227.5874,5813.0996,-1771.487
2626,-4336.652,6827.5244,-2461.6611
2627,-4539.7925,7460.5176,-2731.5378
2628,-4696.0044,7763.85,-2833.5024
2629,-4847.399,7674.0713,-2623.6106
2630,-4859.1523,7279.068,-2331.1885
2631,-4780.905,6798.989,-2076.483
2632,-4429.8076,6135.7295,-1889.855
2633,-3057.6785,4313.3223,-1159.3058
2634,-2532.0828,2002.3223,614.1402
2635,-2491.4824,926.1668,1591.8573
2636,-2487.0269,858.51337,1656.7842
2637,-2502.683,816.25494,1716.2887
2638,-1895.9594,835.88074,1065.3536
2639,-1476.2994,1082.4479,273.31223
2640,-1319.129,1185.4108,-60.13721
2641,-1229.9718,1222.8477,-231.03134
2642,-1159.6813,1193.7435,-248.11989
2643,-1109.8292,1141.873,-185.2505
2644,-1122.2543,1047.2396,23.794434
2645,-1293.278,894.9979,379.08786
2646,-2170.8594,742.44855,1516.7714
2647,-2893.927,1306.5121,1657.1542
2648,-3825.2935,3595.0369,459.40836
2649,-4335.668,5968.3896,-1749.1218
2650,-4473.9785,6804.2,-2255.2651
2651,-4774.497,7192.2144,-2266.6375
2652,-5055.724,7207.432,-2021.8688
2653,-5192.847,7016.6543,-1738.4401
2654,-5197.029,6686.13,-1435.9852
2655,-5115.113,6229.199,-1225.4681
2656,-4861.526,5687.1943,-1085.0452
2657,-3498.6208,4408.7207,-844.2299
2658,-2552.01,2147.2305,522.4347
2659,-2467.2695,1045.2977,1518.7192
2660,-2606.1501,995.6178,1731.9569
2661,-2578.084,950.05853,1758.1185
2662,-2312.7405,989.73206,1369.3876
2663,-2073.1328,1294.4155,696.2644
2664,-1982.9016,1576.3094,147.4517
2665,-1907.9447,1646.1036,-76.08694
2666,-1869.6388,1580.2694,-75.24993
2667,-1820.6189,1542.9196,-70.855095
2668,-1698.3173,1522.9762,-135.30995
2669,-1615.077,1462.0184,-191.01085
2670,-1511.0378,1467.8265,-328.1579
2671,-1794.4811,2266.2651,-817.43115
2672,-2666.7417,4175.9395,-1692.3944
2673,-3368.3818,5548.888,-2293.4863
2674,-3603.865,6187.668,-2655.6863
2675,-3565.894,6233.729,-2677.0542
2676,-3911.4263,6904.4985,-3023.0881
2677,-4027.7234,7135.4253,-3141.513
2678,-3978.1262,6989.6494,-3099.725
2679,-3758.369,6516.3203,-2901.234
2680,-3350.973,5653.809,-2470.7756
2681,-2889.7039,4273.042,-1704.6064
2682,-1936.8071,2343.1282,-691.13513
2683,-1574.8645,1191.5946,218.28218
2684,-1512.1248,1197.6823,101.72048
2685,-1400.9496,1139.6587,62.904274
2686,-1230.1311,1183.0283,-232.96153
2687,-1150.7225,1224.8652,-484.00552
2688,-1120.2692,1260.616,-662.0686
2689,-1246.137,1066.862,-460.0947
2690,-1269.64,1007.0147,-391.93246
2691,-1292.58,977.76227,-347.5546
2692,-1272.4907,951.00134,-337.9272
2693,-1242.5382,924.4316,-344.96643
2694,-1337.7916,948.01373,-340.36627
2695,-1717.6708,1372.651,-413.0399
2696,-2231.6367,2689.0916,-962.7667
2697,-2815.0068,4327.8145,-1711.8842
2698,-3825.7268,5952.2725,-2405.1067
2699,-4515.7944,6821.4688,-2697.3464
2700,-4693.1455,6915.926,-2634.2488
2701,-4744.2573,6790.041,-2506.3994
2702,-4602.766,6234.5024,-2118.4028
2703,-4239.581,5516.1636,-1798.145
2704,-3572.343,4450.9404,-1382.5806
2705,-2444.8506,3325.8923,-1323.1884
2706,-1327.6537,1891.83,-874.9261
2707,-1042.1334,1093.2118,-274.17987
2708,-995.8881,1040.1648,-225.95152
2709,-1049.7046,993.001,-88.22512
2710,-993.628,1013.2509,-192.23225
2711,-779.755,1027.6676,-513.1083
2712,-809.2083,1079.4178,-694.3793
2713,-832.5938,1073.6616,-718.96216
2714,-836.7585,1072.252,-727.71063
2715,-813.33203,1085.7164,-742.059
2716,-787.89044,1046.5498,-654.04724
2717,-860.8612,1005.82495,-391.69043
2718,-1590.8811,769.7654,800.2296
2719,-2720.9534,1491.7665,1370.521
2720,-3632.9717,3760.4402,-13.716786
2721,-4316.266,6010.558,-1860.6266
2722,-4402.8506,6979.127,-2545.0703
2723,-4454.2393,7647.6235,-2992.7266
2724,-4486.2524,7990.641,-3189.863
2725,-4449.1035,7843.697,-3129.976
2726,-4256.8433,7218.948,-2873.6243
2727,-3702.2144,5945.2607,-2281.9219
2728,-2718.1448,4127.147,-1360.9496
2729,-2359.4714,2696.8552,-215.80182
2730,-2436.6907,1403.2606,1020.5765
2731,-2339.807,854.3549,1528.8441
2732,-2297.2065,797.6227,1564.2086
2733,-2088.345,803.8397,1329.8413
2734,-1661.2617,892.6027,722.6037
2735,-1480.3577,1229.0588,196.78664
2736,-1573.6387,1441.8804,-49.44934
2737,-1743.068,1332.5521,105.059074
2738,-1793.7656,1245.4507,210.88776
2739,-1728.2299,1269.1368,204.14757
2740,-1492.8573,1344.3562,73.5857
2741,-1427.4448,1109.6582,341.18332
2742,-2036.0676,803.4743,1326.0042
2743,-2663.3518,957.56824,1777.3674
2744,-2923.4258,1310.2914,1780.1227
2745,-2761.3882,1928.6041,1020.71045
2746,-3050.3308,2597.5132,788.90686
2747,-3378.7834,3017.8574,728.6133
2748,-3619.5173,3440.3804,481.71237
2749,-3374.456,3118.0703,543.2629
2750,-3161.4949,3022.6504,317.80072
2751,-3181.2827,3196.5808,116.22956
2752,-3102.645,3342.515,-83.27154
2753,-2936.4949,2914.5574,130.07895
2754,-2620.555,1481.6986,1219.8992
2755,-2556.736,771.05426,1839.4492
2756,-2439.5867,713.348,1795.9795
2757,-2433.6843,706.9661,1773.696
2758,-1813.5997,790.435,1020.6112
2759,-1476.2117,1151.6982,249.32973
2760,-1482.9073,1408.8413,-258.01218
2761,-1470.134,1374.8516,-385.61462
2762,-1363.919,1369.7008,-489.78247
2763,-1288.9529,1317.7358,-483.4004
2764,-1164.4874,1220.0325,-413.43668
2765,-1113.753,1098.4437,-209.56085
2766,-1795.4584,833.8338,1024.2126
2767,-2582.9026,1173.5391,1521.5172
2768,-2547.6875,1845.13,863.3537
2769,-2342.853,2705.4373,-230.56683
2770,-2280.0713,3335.2754,-994.3262
2771,-2281.1724,3469.8918,-1138.4205
2772,-2360.3923,3728.4253,-1353.7114
2773,-2315.606,3593.8696,-1284.1666
2774,-2154.645,3160.7358,-1062.4684
2775,-1918.8699,2350.4092,-460.2678
2776,-1790.9987,2024.2863,-296.3537
2777,-1723.3158,1521.6787,155.78133
2778,-1695.397,942.7198,729.24963
2779,-1651.0632,767.68976,899.09644
2780,-1603.8855,755.128,873.77997
2781,-1522.5896,814.3774,691.1566
2782,-1287.4114,1016.8543,140.76534
2783,-1273.2856,1234.3029,-297.82236
2784,-1501.1265,1401.559,-408.20087
2785,-1683.4004,1540.7571,-458.88025
2786,-1819.79,1471.352,-314.8583
2787,-1964.5575,1515.6554,-225.7375
2788,-2002.1556,1596.1776,-243.96834
2789,-2051.924,1728.7369,-189.96428
2790,-1976.4729,1302.748,549.2804
2791,-2156.2173,1583.7603,586.556
2792,-2649.4485,2686.334,87.57001
2793,-2924.4805,4037.3276,-1115.2552
2794,-3359.4834,5035.9297,-1759.8188
2795,-3797.2793,5785.1655,-2111.3782
2796,-3851.322,6004.0483,-2313.7014
2797,-3813.3818,5900.7524,-2237.5083
2798,-3467.5376,5353.3423,-1980.391
2799,-2806.5828,4341.037,-1435.9962
2800,-2607.0647,3889.9763,-1252.0294
2801,-2197.23,2989.2683,-842.1882
2802,-1731.1805,1703.207,72.89725
2803,-1570.8423,795.4651,799.2307
2804,-1600.283,692.0627,967.4313
2805,-1604.8285,675.6232,994.9887
2806,-1242.4823,840.9519,378.97925
2807,-997.44366,1068.762,-247.89445
2808,-1010.7063,1130.5851,-401.5604
2809,-1072.4733,1187.5731,-523.907
2810,-1100.5181,1202.9438,-523.18805
2811,-1116.0087,1192.6378,-432.31555
2812,-1126.8411,1177.5543,-331.68347
2813,-1188.9252,1156.2697,-119.73843
2814,-1673.3693,921.6281,712.1338
2815,-2544.2576,1823.5813,726.5633
2816,-3551.3352,4374.0938,-723.18164
2817,-3958.638,5736.6587,-1969.3754
2818,-4254.077,6389.587,-2286.7466
2819,-4324.803,6437.271,-2269.5635
2820,-4536.609,6873.6484,-2432.1577
2821,-4652.4976,6746.965,-2260.5994
2822,-4654.137,6583.8555,-2164.633
2823,-4426.667,6055.003,-1908.1663
2824,-3748.908,5422.6743,-1760.5155
2825,-3050.4443,3907.792,-632.42303
2826,-2519.5454,2062.7231,606.7639
2827,-2249.874,862.01556,1480.9878
2828,-2079.9639,798.6367,1393.4329
2829,-1953.715,814.6097,1203.2092
2830,-1620.6537,949.4903,680.5136
2831,-1388.7914,1192.7345,240.47905
2832,-1490.3713,1194.6827,188.27026
2833,-1623.6139,1088.9291,268.967
2834,-1639.1713,1077.294,267.5854
2835,-1679.4835,1075.8771,268.7485
2836,-1687.9476,1132.9592,211.7332
2837,-1809.5477,1194.2473,224.12062
2838,-2000.7223,1362.1709,139.30708
2839,-2220.1055,2391.6526,-579.8516
2840,-2940.6567,3898.1177,-1203.3965
2841,-4128.228,5451.0815,-1645.3585
2842,-4722.7065,6243.965,-1808.2997
2843,-4250.062,5798.949,-1737.1985
2844,-3560.7224,4976.8247,-1426.9092
2845,-3442.54,4775.9834,-1364.1731
2846,-3557.308,4616.547,-1233.3232
2847,-3633.685,4469.767,-1148.3741
2848,-3317.106,4131.9014,-1171.4008
2849,-2711.269,3400.7188,-990.2756
2850,-2118.2236,2228.0005,-309.35342
2851,-1846.8896,1539.683,229.46556
2852,-1861.4545,1500.5966,228.39369
2853,-1926.0795,1522.8545,260.9563
2854,-2077.4258,1683.0138,138.98122
2855,-2418.883,1479.7802,362.9658
2856,-2438.2197,1119.9863,586.682
2857,-2391.347,1030.5444,583.1217
2858,-2313.8167,892.9747,653.7312
2859,-2267.566,843.9436,668.7556
2860,-2138.527,862.1751,535.7073
2861,-2033.2471,963.7991,329.7271
2862,-1958.6147,1039.1064,148.41568
2863,-2152.2917,1532.6721,-157.32108
2864,-2750.4133,3008.5276,-756.59784
2865,-3119.5454,4140.1436,-1217.6426
2866,-3330.879,4584.2544,-1336.3981
2867,-3226.0278,4486.5605,-1298.9718
2868,-3457.7026,4569.1245,-1245.1356
2869,-3438.9592,4050.284,-924.9939
2870,-3289.4827,3597.6777,-755.28595
2871,-3103.805,3070.8462,-557.8643
2872,-2929.7844,2855.0066,-602.8022
2873,-2506.5996,2647.029,-812.17975
2874,-1533.7468,1886.1487,-798.9972
2875,-1040.3794,1204.6318,-488.57916
2876,-906.94965,1091.7961,-372.20047
2877,-942.89496,1065.2552,-256.43588
2878,-964.50824,1117.4646,-331.73804
2879,-1127.4988,1177.342,-458.50723
2880,-1335.6382,1046.584,-264.40515
2881,-1554.7069,942.7873,-62.007393
2882,-1617.1044,954.0282,-6.287157
2883,-1650.6404,973.5597,16.842455
2884,-1545.9125,1097.0013,-120.81128
2885,-1346.9169,1301.114,-379.63507
2886,-1260.529,1289.2986,-301.64777
2887,-1396.7146,1302.1808,0.5621486
2888,-1747.0471,1873.1079,-101.82775
2889,-2487.7097,3777.014,-1397.631
2890,-2842.9773,4506.537,-1803.7311
2891,-3227.5293,5205.197,-2165.164
2892,-3717.1104,6079.24,-2634.0034
2893,-3445.3237,5616.3467,-2438.1157
2894,-3186.3333,5167.8213,-2229.9849
2895,-2717.397,4260.741,-1801.7589
2896,-2646.7358,4033.8635,-1696.579
2897,-2263.889,3118.4326,-1283.6753
2898,-1643.0392,1880.4039,-624.09985
2899,-1307.5868,1284.3629,-332.12393
2900,-1324.3375,1279.9872,-325.61737
2901,-1331.9636,1293.5856,-385.16055
2902,-1342.5327,1351.8555,-564.5341
2903,-1414.7416,1214.0183,-494.74176
2904,-1383.9304,947.72705,-318.90247
2905,-1300.3073,779.791,-220.34868
2906,-1230.1129,648.0003,-150.13498
2907,-1213.2057,635.088,-151.30605
2908,-1229.871,659.4426,-162.36021
2909,-1225.6241,671.9639,-178.2147
2910,-1260.2329,730.73425,-216.03642
2911,-1649.7635,1206.3662,-327.1376
2912,-2198.378,2458.2988,-912.9102
2913,-2663.6184,3559.759,-1380.4038
2914,-2555.1858,3959.8867,-1707.5446
2915,-2725.089,4313.137,-1850.9333
2916,-2838.1238,4419.8804,-1843.6544
2917,-2678.5767,3741.4316,-1432.1714
2918,-2164.7302,2858.3083,-1110.8046
2919,-1769.2422,2193.2803,-905.32385
2920,-1566.2954,1777.0743,-762.8515
2921,-1369.5886,1582.884,-763.2756
2922,-1296.9546,1420.4297,-606.9607
2923,-1249.055,1281.0659,-431.80716
2924,-1414.2059,1306.4608,-139.6852
2925,-1665.1537,1183.4818,392.5067
2926,-1774.6442,1544.4792,-117.01041
2927,-1892.3508,1579.7942,-239.5311
2928,-1900.9171,1472.0416,-163.19797
2929,-1933.527,1305.1447,-30.418201
2930,-1988.1306,1248.7527,66.647606
2931,-2043.1095,1281.4688,116.23898
2932,-2102.4597,1315.823,171.82951
2933,-2162.408,1533.7522,117.277115
2934,-1893.347,1338.9517,556.2812
2935,-2113.2654,1050.8363,1065.3293
2936,-2720.1084,1350.5243,1498.7987
2937,-2913.2495,1726.5986,1404.0631
2938,-2925.9426,1787.4064,1367.0797
2939,-3016.5217,1913.272,1208.0115
2940,-3242.635,1956.4398,1367.4115
2941,-3351.5986,2046.0223,1370.4907
2942,-3342.89,2284.084,1082.1686
2943,-3341.4507,2511.7354,870.92
2944,-3605.5864,3216.8389,463.2742
2945,-3449.3127,2905.6611,613.4548
2946,-3160.6233,2121.9753,1100.0306
2947,-2883.7515,1355.4242,1528.0063
2948,-2799.0205,1283.0986,1538.7672
2949,-2791.8303,1343.4011,1507.8835
2950,-3101.3684,1529.9669,1564.0593
2951,-3938.9016,1360.3073,2193.859
2952,-4055.4797,1180.6644,2429.61
2953,-4070.7986,1121.7782,2441.5542
2954,-3991.2231,1117.5925,2322.7834
2955,-3881.3296,1159.2042,2186.4382
2956,-3647.776,1252.5251,1921.9885
2957,-3195.9045,1493.7368,1396.824
2958,-2294.6892,1623.377,726.4497
2959,-2613.9937,1974.4218,776.5356
2960,-3360.1113,3293.4878,152.97768
2961,-4066.6702,4633.5684,-686.4214
2962,-4647.192,5339.531,-1009.2851
2963,-4240.8647,5117.45,-1027.9473
2964,-4560.2783,6106.0454,-1745.3688
2965,-4296.761,6447.915,-2265.8862
2966,-4028.5867,6472.944,-2559.2117
2967,-3385.8828,5591.1177,-2319.5793
2968,-2319.6558,3685.6887,-1456.1312
2969,-1919.7029,2011.1932,-69.85689
2970,-1875.8105,940.5019,1013.73615
2971,-2094.6787,875.9472,1337.2025
2972,-2424.141,1060.2102,1374.2905
2973,-2888.8335,1353.2195,1437.0265
2974,-3403.6162,1725.3086,1528.8184
2975,-3717.6968,1969.0105,1616.844
2976,-4192.8267,1708.6904,2177.2412
2977,-4514.7573,1491.087,2598.4878
2978,-4627.1226,1347.2964,2830.4119
2979,-4734.3413,1311.6489,2997.645
2980,-4866.8755,1344.875,3102.8418
2981,-4759.8564,1406.0304,3001.172
2982,-4505.1143,1892.6898,2460.3906
2983,-4639.6577,2424.3848,2230.3245
2984,-5212.483,3454.268,1737.8837
2985,-5586.859,4274.455,1289.0242
2986,-5779.394,4567.838,1205.3539
2987,-5502.868,3529.8281,1924.0767
2988,-5533.4824,3466.9446,2012.1088
2989,-5530.408,3511.7712,2110.8591
2990,-5639.2783,3974.6296,1848.7721
2991,-5608.058,4139.4585,1701.0762
2992,-5448.8394,3892.346,1812.9913
2993,-5080.387,3345.333,1881.5925
2994,-4202.0723,2662.232,1533.5278
2995,-3052.156,1485.816,1598.2722
2996,-3005.72,1389.837,1656.4186
2997,-3143.951,1557.9779,1579.8208
2998,-3404.8757,1891.6124,1470.3718
2999,-3656.2188,1853.4504,1618.3181
3000,-3611.2383,1805.456,1527.2852
3001,-3542.5337,1698.656,1442.2366
3002,-3461.6328,1610.0497,1392.9418
3003,-3360.568,1609.744,1302.0507
3004,-3224.0022,1682.8514,1122.021
3005,-3163.02,1720.1633,1000.8197
3006,-3187.5938,2117.1738,654.876
3007,-3654.6677,3285.1348,84.939705
3008,-4733.8145,4771.7007,-103.970985
3009,-5158.308,5110.4473,6.864859
3010,-5226.581,4851.9795,302.57816
3011,-5272.0015,4616.46,572.6508
3012,-5494.6846,4960.2876,620.1528
3013,-5410.196,4758.228,825.45636
3014,-5431.992,4727.542,1007.2112
3015,-5383.2373,4588.844,1059.1973
3016,-5280.476,4218.745,1234.1588
3017,-4971.908,3692.6958,1297.9855
3018,-4451.627,2987.584,1494.3645
3019,-4104.8086,2195.4583,1824.9744
3020,-4260.117,1786.347,2179.6975
3021,-4383.074,1702.8894,2327.9548
3022,-4626.518,1552.1499,2627.1377
3023,-4786.83,1361.0596,2927.2751
3024,-4804.625,1142.9006,2990.7754
3025,-4782.6724,995.66986,2987.741
3026,-4737.792,922.44226,2950.4841
3027,-4655.295,913.03174,2869.358
3028,-4423.7446,908.64734,2620.3406
3029,-4081.0454,938.9001,2247.882
3030,-3866.936,982.70166,1899.0697
3031,-4277.7646,1589.6669,1660.8722
3032,-4713.0107,3154.204,785.95966
3033,-4942.3447,4198.3823,98.43148
3034,-4929.679,4753.921,-395.88785
3035,-4538.686,4929.361,-862.80524
3036,-4316.7656,5142.394,-1202.4994
3037,-4385.5264,5334.024,-1387.7463
3038,-4152.553,5030.9507,-1340.8007
3039,-3942.033,4823.4336,-1369.7668
3040,-3219.0576,4115.782,-1299.5035
3041,-2088.3367,3234.8572,-1393.736
3042,-1336.277,1793.1091,-761.3297
3043,-1021.33844,1094.5944,-338.12805
3044,-881.8641,1011.5358,-346.975
3045,-898.4215,1005.4459,-326.41544
3046,-818.1372,1008.2272,-446.65848
3047,-834.07025,1086.7611,-709.8811
3048,-883.69543,1138.062,-802.53815
3049,-1008.08875,1053.067,-698.162
3050,-1006.46497,1060.9679,-707.07794
3051,-893.12244,1154.2954,-819.7316
3052,-879.55,1136.5713,-790.2879
3053,-828.1446,1066.1218,-630.0479
3054,-1357.0646,923.3043,370.2104
3055,-2496.1318,1501.6051,1128.958
3056,-3248.0369,3114.161,358.76117
3057,-3702.8416,4853.6665,-1185.1864
3058,-4294.992,6456.808,-2288.6248
3059,-4310.032,6902.495,-2602.449
3060,-4128.1865,6875.844,-2719.1575
3061,-3693.4998,6286.854,-2626.6968
3062,-2947.1494,5301.122,-2241.5251
3063,-2612.1667,4609.99,-1988.9537
3064,-2183.899,3445.9675,-1348.5009
3065,-1816.5603,2076.02,-294.00858
3066,-1819.7078,1154.8291,706.0119
3067,-1841.1719,725.0027,1170.7637
3068,-1720.2051,667.566,1127.5663
3069,-1693.5961,728.25604,1006.36005
3070,-1656.2993,1111.0824,473.91718
3071,-2078.9294,1736.227,-36.450836
3072,-2418.5718,1803.342,134.75899
3073,-2647.914,1810.2925,325.397
3074,-2829.9788,1786.6392,478.23737
3075,-3022.9495,1882.1495,623.3778
3076,-3139.585,1948.0056,746.9661
3077,-3191.876,2062.6252,880.9571
3078,-3201.4846,2037.8691,1132.4882
3079,-3414.6238,2311.525,1095.2577
3080,-4185.7134,3554.71,636.09875
3081,-4962.9185,5243.995,-511.14084
3082,-5397.9834,5601.3564,-337.00757
3083,-5466.4263,5558.4707,-204.54305
3084,-5426.9785,5263.27,115.1443
3085,-5517.647,5093.5073,392.51938
3086,-4978.3384,4088.8804,941.9243
3087,-5032.556,4070.9028,976.1113
3088,-4966.7373,4215.5684,753.8181
3089,-4543.8267,3849.706,739.39386
3090,-3700.8237,2730.473,1071.1857
3091,-3040.9575,1721.7542,1346.0452
3092,-2667.1887,1391.5851,1272.4751
3093,-2462.688,1301.5309,1182.8884
3094,-2464.8389,1336.5968,980.9647
3095,-2773.8958,1112.2081,1217.9777
3096,-2823.538,990.1762,1197.9769
3097,-2748.5588,882.6576,1197.9764
3098,-2613.294,826.50165,1119.3768
3099,-2405.2622,810.94916,974.54
3100,-2157.557,865.06244,774.5094
3101,-1805.6292,1018.33374,443.52536
3102,-1621.473,1038.6951,539.8633
3103,-2487.217,1543.6968,1063.2129
3104,-3127.6729,2599.081,694.04333
3105,-3846.4824,4101.168,-199.05452
3106,-4415.525,5583.919,-1238.3163
3107,-4734.589,6541.275,-1843.01
3108,-4750.759,6977.832,-2175.0654
3109,-4665.167,7129.9785,-2381.3247
3110,-4497.8164,7080.234,-2498.1206
3111,-4110.1562,6707.592,-2630.1428
3112,-3417.592,5812.353,-2476.9954
3113,-2597.6077,4073.074,-1408.5488
3114,-2303.9817,1988.5487,437.25116
3115,-1956.0701,821.6018,1198.6554
3116,-1769.3453,667.53656,1180.1113
3117,-1746.6599,705.75555,1088.5859
3118,-1386.0723,930.6342,395.70868
3119,-1264.7642,1279.3624,-178.64598
3120,-1609.6022,1282.7532,-27.904953
3121,-1962.1298,1193.1761,226.7539
3122,-2070.4941,1159.4282,299.9181
3123,-1978.4016,1185.2693,209.23409
3124,-1839.4999,1196.8145,101.91888
3125,-1479.2225,1370.8447,-186.49152
3126,-1512.1534,1285.8475,137.52792
3127,-2052.627,1996.6123,139.63495
3128,-2620.8452,3341.6023,-541.33105
3129,-3296.8484,4905.467,-1570.5867
3130,-4109.003,6360.3613,-2300.7224
3131,-4241.4033,6959.7427,-2632.989
3132,-4409.0513,7241.8447,-2721.7173
3133,-4526.2583,7257.979,-2651.27
3134,-4414.343,6867.6885,-2543.3118
3135,-3795.2517,6096.901,-2433.1753
3136,-3315.9937,5353.8706,-2123.0415
3137,-2388.5588,3459.5576,-934.91516
3138,-2132.1575,1731.5865,476.4468
3139,-2108.7788,879.31683,1243.9435
3140,-1921.7303,753.3609,1241.9391
3141,-1760.645,766.863,1015.3804
3142,-1269.5886,1051.5463,228.37038
3143,-1234.8768,1264.1953,-148.69733
3144,-1323.4929,1184.2719,-158.68806
3145,-1331.1907,1142.8281,-169.98651
3146,-1326.4968,1120.8778,-181.95804
3147,-1293.4974,1137.6292,-222.98593
3148,-1189.34,1207.35,-354.5678
3149,-1087.4403,1187.4464,-319.38855
3150,-1446.5005,920.4739,426.37555
3151,-2399.833,1359.3431,1089.4618
3152,-2883.8164,2523.9207,601.7034
3153,-3581.6995,4574.9365,-880.3134
3154,-4315.7603,6213.022,-2006.0985
3155,-4654.3843,6377.611,-1783.7452
3156,-4979.7793,5713.302,-788.5186
3157,-5682.0913,5517.443,-69.22399
3158,-5888.129,5229.088,441.17975
3159,-5816.9736,4880.9014,814.1574
3160,-5592.9272,4493.2925,1048.2563
3161,-5161.2837,3799.2966,1293.8165
3162,-3873.143,2523.0938,1409.5435
3163,-2554.08,1451.9203,1272.6085
3164,-2157.2305,1176.0979,1145.3767
3165,-1948.1716,1215.9451,858.94696
3166,-2099.5366,1333.3557,828.9562
3167,-2382.6475,1254.3363,992.8499
3168,-2343.9138,1114.7079,1034.0127
3169,-2331.7224,973.33923,1058.7235
3170,-2273.7275,902.86835,985.142
3171,-2087.2449,905.8466,821.6892
3172,-1924.9183,901.3727,670.4991
3173,-1737.4475,919.78986,476.43442
3174,-1626.0669,1100.0563,153.37944
3175,-2169.0688,2494.1208,-541.9823
3176,-3575.534,4333.593,-988.75555
3177,-4757.328,5593.403,-1235.3694
3178,-5000.2783,6098.8555,-1291.5977
3179,-5163.753,6455.1665,-1419.7938
3180,-5182.612,6529.219,-1518.6644
3181,-5035.9473,6381.111,-1607.5125
3182,-4776.9624,6045.5815,-1642.3324
3183,-3999.5688,5200.8193,-1511.9451
3184,-3086.9453,4218.174,-1281.2876
3185,-2300.4817,3572.6694,-1357.2705
3186,-1697.6777,2282.0227,-643.5469
3187,-1455.9916,1196.3025,199.63295
3188,-1319.6685,1102.7053,157.30157
3189,-1302.2667,1091.6733,131.45685
3190,-1195.5554,1110.4901,-34.651585
3191,-1140.7246,1238.6405,-406.05914
3192,-1239.4282,1108.8661,-370.1314
3193,-1295.5482,1003.2938,-298.58447
3194,-1343.6868,935.4022,-245.32838
3195,-1362.1001,913.41644,-234.03415
3196,-1317.8752,955.8901,-307.47705
3197,-1325.8073,948.78357,-334.42117
3198,-1509.9415,1037.5269,-324.88675
3199,-1986.5363,1643.0873,-475.99136
3200,-2738.5232,3160.226,-1085.632
3201,-3088.53,4392.857,-1713.385
3202,-2969.1438,4928.9917,-2160.6821
3203,-2963.788,5118.0664,-2308.2666
3204,-2703.2104,4738.7295,-2145.2725
3205,-2109.608,3529.1213,-1597.2598
3206,-1771.8849,2803.558,-1292.5386
3207,-1405.401,1925.2244,-894.28906
3208,-1278.306,1611.1947,-781.1957
3209,-1441.9073,1587.697,-671.6628
3210,-1379.3153,1428.2261,-488.9239
3211,-1266.035,1250.2291,-231.50478
3212,-1261.5403,1166.6447,-30.760443
3213,-1305.1257,1116.0863,118.103455
3214,-1286.7407,1108.8545,99.67868
3215,-1268.5643,1269.6603,-298.4394
3216,-1383.9315,1321.9668,-430.07956
3217,-1567.1788,1184.7024,-233.1401
3218,-1598.033,1154.3959,-182.97832
3219,-1640.0925,1210.8934,-189.08064
3220,-1589.0148,1360.6189,-341.331
3221,-1506.2491,1409.8785,-374.7539
3222,-1580.4929,1251.6122,154.16982
3223,-1991.9922,1674.3618,354.90994
3224,-2537.5344,2881.3909,-214.42615
3225,-2788.6184,4408.069,-1648.702
3226,-3262.3088,5492.127,-2283.8767
3227,-3509.0261,5912.604,-2562.6301
3228,-3975.0972,6876.465,-3107.2937
3229,-4107.3076,7124.136,-3196.882
3230,-4216.8086,6899.2925,-2982.1436
3231,-4095.4827,6621.7183,-2861.199
3232,-3660.6877,5956.231,-2567.8691
3233,-2667.5605,4303.973,-1798.1152
3234,-1918.5867,2154.0964,-259.41635
3235,-1860.0669,852.51984,1074.8347
3236,-1692.6643,651.4216,1134.2157
3237,-1611.241,650.1004,1048.1959
3238,-1187.5846,818.0982,351.08105
3239,-970.99396,1077.7117,-309.53992
3240,-1107.079,1185.9618,-374.01785
3241,-1306.9529,1315.6573,-357.42456
3242,-1484.4843,1424.1222,-305.74377
3243,-1619.2515,1496.7769,-222.14941
3244,-1687.6039,1534.2697,-172.56647
3245,-1722.1158,1511.3708,-16.488949
3246,-1928.4026,1340.0737,540.2328
3247,-2511.814,1816.808,729.88574
3248,-2933.3657,2247.146,818.0272
3249,-3039.8584,2758.2317,406.6051
3250,-2995.9036,2759.6235,415.10413
3251,-2819.54,2254.7278,746.20746
3252,-2532.445,2235.952,506.15292
3253,-2342.1602,2177.2432,457.34076
3254,-2203.12,2348.926,256.2393
3255,-2254.5942,2344.2292,307.05508
3256,-2587.3477,2945.7126,37.882656
3257,-2656.026,2740.0903,216.44746
3258,-2534.0627,1653.8633,1070.4575
3259,-2477.4028,798.2496,1836.2573
3260,-2145.8064,665.7292,1686.1143
3261,-1969.8335,661.0326,1487.6283
3262,-1457.3895,842.053,706.26135
3263,-1367.7433,1042.2473,330.40814
3264,-1683.5173,973.3556,450.5676
3265,-1830.5265,912.70233,591.99664
3266,-1920.7446,877.1718,680.7157
3267,-1845.6425,885.5319,622.23645
3268,-1566.5026,958.25116,354.8695
3269,-1204.2148,1089.5397,29.234098
3270,-1572.6355,1193.4713,387.99112
3271,-2500.229,2058.6614,627.03876
3272,-3227.8308,3685.9102,-234.25958
3273,-4399.707,5320.015,-1021.9377
3274,-4872.605,5716.323,-958.6308
3275,-5049.608,5586.341,-604.8018
3276,-5227.9023,5810.968,-691.0779
3277,-5366.119,5854.2114,-636.03345
3278,-5351.328,5696.199,-552.20844
3279,-5219.8306,5501.12,-564.7399
3280,-4724.2837,4973.1206,-663.172
3281,-2881.0803,3566.6704,-601.8479
3282,-2040.9187,2339.3723,-153.65587
3283,-1846.1182,1023.15125,806.0145
3284,-1595.301,744.03253,884.1127
3285,-1622.3069,741.6601,921.738
3286,-1613.2971,760.2685,881.8663
3287,-1264.6174,1014.9461,260.56247
3288,-1245.2583,1136.6564,121.87705
3289,-1256.6193,1215.3262,14.998813
3290,-1320.4186,1277.6511,-46.590378
3291,-1403.8755,1316.5428,-22.182072
3292,-1507.7704,1388.5541,-44.64059
3293,-1667.0442,1475.5989,-154.29645
3294,-1886.749,1566.9332,-239.172
3295,-2421.3965,2664.0857,-765.7796
3296,-3030.634,4006.6914,-1306.3207
3297,-3833.652,5194.5723,-1639.3821
3298,-4544.4204,5917.35,-1742.5573
3299,-4911.988,6373.721,-1650.1903
3300,-5169.3564,6491.2773,-1320.6908
3301,-5178.116,5940.5156,-873.84454
3302,-5091.675,5311.034,-522.5757
3303,-4708.9487,4448.908,-235.90085
3304,-4281.902,3630.2925,87.16502
3305,-3834.2983,3041.7512,331.7295
3306,-3485.48,2589.493,564.43524
3307,-3304.34,2157.0918,892.077
3308,-3094.2183,1866.8914,990.5678
3309,-2912.7888,1786.6884,899.5349
3310,-2995.5774,1745.3077,893.5541
3311,-3016.889,1588.577,923.7309
3312,-3033.8657,1386.2417,1021.44006
3313,-3036.489,1220.0422,1139.9261
3314,-3057.852,1237.2621,1143.549
3315,-3179.194,1244.9082,1221.9235
3316,-3260.096,1323.1401,1225.0071
3317,-3293.9578,1526.3083,1129.0334
3318,-3413.092,2238.1565,833.64886
3319,-4161.398,3215.999,833.5293
3320,-4847.339,4052.8057,730.2223
3321,-5211.9697,4428.241,669.8146
3322,-5233.3755,4497.775,819.00507
3323,-5296.2495,4568.17,859.9447
3324,-5338.2886,4730.4414,731.9975
3325,-5228.874,4813.8066,552.6634
3326,-5233.6587,5064.029,293.99506
3327,-5083.884,4995.985,-54.538826
3328,-4706.3794,4940.289,-446.94022
3329,-4045.247,4131.9033,-170.91032
3330,-2965.7698,2343.0063,679.9608
3331,-2435.4792,1236.4147,1207.8494
3332,-2114.7517,1017.8538,1044.8895
3333,-1995.8842,1069.7194,836.6921
3334,-1883.8123,1241.5829,531.9193
3335,-1810.1053,1487.0715,58.810265
3336,-1790.4165,1583.3716,-201.56479
3337,-1830.0701,1496.6384,-217.59834
3338,-1799.3412,1425.8069,-217.44061
3339,-1796.9954,1357.429,-186.63213
3340,-1641.6694,1407.5851,-323.7963
3341,-1538.28,1420.6935,-431.16458
3342,-1491.1544,1489.1644,-552.54224
3343,-1893.0475,2357.0361,-938.9464
3344,-2304.6487,3493.9438,-1445.661
3345,-3021.053,4991.211,-2109.371
3346,-3489.9058,5875.4346,-2540.5771
3347,-3409.1047,5773.9565,-2480.273
3348,-3206.5713,5476.5156,-2327.2483
3349,-3138.6052,5455.8477,-2373.5393
3350,-3374.144,5453.1987,-2260.0605
3351,-3438.1086,5339.6265,-2149.5027
3352,-3121.6533,4874.888,-1991.7141
3353,-2417.8906,3955.9392,-1732.7024
3354,-1650.4307,2484.8457,-1016.3946
3355,-1292.6073,1105.7451,58.22374
3356,-1036.5767,1019.088,-107.31652
3357,-1040.9734,986.6202,-35.423862
3358,-952.9643,1043.5187,-214.45343
3359,-960.83856,1148.0537,-432.28827
3360,-1159.6511,1108.9979,-376.4304
3361,-1356.557,989.59485,-208.23778
3362,-1450.3462,894.391,-118.612495
3363,-1415.2438,896.23584,-161.26381
3364,-1298.6001,932.404,-297.2884
3365,-1242.4587,953.4817,-400.57632
3366,-1308.7258,1071.4674,-502.4427
3367,-1869.7865,1805.2715,-673.0298
3368,-2631.739,3724.2725,-1544.5431
3369,-3384.639,5467.3857,-2372.0547
3370,-3667.164,6007.513,-2615.6155
3371,-3453.0613,5942.617,-2661.2625
3372,-3547.8206,5913.6904,-2566.66
3373,-3760.2588,5568.7456,-2173.0315
3374,-3789.767,5128.007,-1809.1603
3375,-3560.0952,4635.9297,-1553.0637
3376,-3087.6228,4030.0474,-1409.817
3377,-2404.684,3484.7524,-1473.2518
3378,-1615.958,2252.3247,-975.171
3379,-1215.1078,1102.4025,-54.24073
3380,-1061.0049,977.4397,-7.7265577
3381,-1048.9369,1025.9916,-96.887566
3382,-1075.8207,1059.1953,-119.047
3383,-1043.8129,1134.0128,-363.59283
3384,-1129.707,1218.354,-518.3793
3385,-1196.8013,1265.7412,-589.30695
3386,-1283.2485,1198.0815,-495.5108
3387,-1291.9447,1186.0353,-485.1999
3388,-1183.9918,1209.0175,-584.91833
3389,-1039.3881,1171.2723,-563.8687
3390,-1293.6924,1082.8318,63.81642
3391,-2068.8386,1755.2169,340.80832
3392,-2792.537,3162.224,-176.11513
3393,-3650.3606,5080.8726,-1440.7091
3394,-4150.281,6322.466,-2244.3916
3395,-4209.595,6876.328,-2669.193
3396,-4218.8643,7393.747,-3070.8772
3397,-4228.6196,7173.9634,-2917.313
3398,-4127.8228,6668.6045,-2626.7642
3399,-3751.708,5890.4995,-2181.565
3400,-3122.0332,4730.2764,-1580.5165
3401,-2721.2246,3173.5537,-317.47574
3402,-2531.793,1596.211,1039.2759
3403,-2424.054,782.2777,1729.7551
3404,-2065.8245,647.66113,1576.0458
3405,-1711.3461,642.49677,1194.4979
3406,-1255.5933,788.5269,454.01755
3407,-896.5412,1010.9028,-312.17395
3408,-861.1493,1040.1154,-438.70905
3409,-852.8371,1073.5106,-551.38904
3410,-837.15784,1086.7144,-606.02924
3411,-807.73926,1072.061,-598.1807
3412,-789.2548,1047.5751,-537.9032
3413,-857.6448,1030.7653,-378.5233
3414,-1502.4468,823.90985,644.38153
3415,-2412.8093,1158.9244,1282.8291
3416,-2750.9792,1946.9408,955.0942
3417,-2840.0933,3196.3333,-108.34449
3418,-3407.2544,4816.0312,-1324.0411
3419,-3643.8293,5312.1987,-1651.965
3420,-3076.443,4830.0854,-1640.426
3421,-2455.8308,3687.7715,-1141.5114
3422,-2143.6045,2848.699,-602.6899
3423,-2059.9265,2421.4749,-215.6788
3424,-2275.5222,2492.7898,-67.0386
3425,-2451.2136,2159.035,374.15015
3426,-2674.694,1410.1547,1312.31
3427,-2566.18,929.8909,1689.7981
3428,-2341.992,732.8604,1662.2347
3429,-2146.4307,727.2308,1482.0898
3430,-1603.1122,757.4025,897.0599
3431,-1099.1565,1029.4076,-106.129585
3432,-958.7821,1068.8975,-405.7774
3433,-900.59314,1080.7279,-533.71497
3434,-863.3457,1072.7712,-596.7688
3435,-822.03235,1051.095,-618.6753
3436,-784.45276,1005.1167,-536.2939
3437,-894.46515,1000.60925,-368.37878
3438,-1811.2819,879.0506,990.04205
3439,-2892.3508,1776.9214,1299.9854
3440,-3605.8696,3758.9421,-39.11363
3441,-4176.4243,5817.28,-1782.9696
3442,-4180.9077,6467.338,-2341.6785
3443,-4294.988,7070.3345,-2694.808
3444,-4318.5903,7351.6523,-2886.8943
3445,-4330.6855,7275.3164,-2827.743
3446,-4296.8184,6945.097,-2651.3806
3447,-4345.929,6545.7783,-2342.7202
3448,-4249.8003,5825.3047,-1835.5896
3449,-3596.7168,3882.927,-169.45207
3450,-3056.9482,1671.0544,1530.6353
3451,-2645.3774,769.8581,1979.1227
3452,-2360.6482,639.0572,1849.3633
3453,-2160.7173,642.4657,1670.3696
3454,-1576.0707,660.0571,992.4482
3455,-1101.077,892.59753,128.81514
3456,-872.28546,1010.7964,-378.20758
3457,-849.9095,1057.3784,-524.0498
3458,-886.04095,1089.8986,-583.2778
3459,-879.19226,1078.9991,-569.0544
3460,-872.6453,1061.5438,-523.6446
3461,-926.1586,1039.1702,-386.63318
3462,-1533.7521,864.464,631.5075
3463,-2461.5154,1244.0647,1350.6575
3464,-2759.6934,1891.5618,1082.7008
3465,-2742.3276,3005.2063,7.7685766
3466,-3063.3984,4284.106,-1013.2507
3467,-3302.1125,4608.204,-1144.6764
3468,-3213.166,4918.9463,-1530.718
3469,-3215.7236,4990.907,-1620.4105
3470,-3100.8118,4774.9766,-1550.2987
3471,-3037.2239,4549.409,-1413.6464
3472,-2839.3608,4166.9395,-1308.3834
3473,-2664.7024,3515.1958,-794.802
3474,-2350.8162,2252.8335,207.42268
3475,-2179.803,1071.9349,1162.6635
3476,-1883.4622,765.15985,1173.9807
3477,-1484.5815,798.2034,677.75854
3478,-1145.8424,1002.51086,39.29552
3479,-1067.6089,1173.3573,-373.8839
3480,-1093.5137,1231.5353,-498.3281
3481,-1160.3574,1204.535,-478.56064
3482,-1276.5479,1112.2223,-355.1613
3483,-1250.3779,1124.6597,-378.23337
3484,-1044.5042,1211.737,-573.7404
3485,-937.30396,1147.4818,-535.34235
3486,-1340.0231,1011.99774,242.13918
3487,-2293.9592,2015.406,387.11218
3488,-2839.9685,3494.7622,-502.40625
3489,-3027.7368,4906.241,-1877.2125
3490,-3658.762,6169.135,-2567.961
3491,-3752.1724,6289.0356,-2705.106
3492,-3099.2324,5267.5576,-2210.8228
3493,-2968.3765,4946.252,-1985.1608
3494,-3125.2495,4812.9053,-1781.304
3495,-3018.1252,4439.8247,-1529.4579
3496,-3056.173,4210.796,-1344.0997
3497,-2536.3035,3684.4177,-1241.0592
3498,-1912.9532,2499.2512,-547.1269
3499,-1654.636,1130.3203,507.23892
3500,-1462.9431,811.278,653.7887
3501,-1242.3401,883.3636,357.27563
3502,-1113.0968,952.6428,154.05475
3503,-915.18097,1110.5966,-334.51913
3504,-941.5057,1165.6714,-426.4895
3505,-1122.697,1026.7354,-234.0701
3506,-1285.8314,918.28925,-72.76892
3507,-1331.8008,913.7327,-34.695976
3508,-1281.0706,940.39264,-107.215836
3509,-1274.0939,978.0623,-215.72147
3510,-1230.5508,1242.7976,-457.17795
3511,-1776.2708,2528.949,-1074.6044
3512,-2677.5544,4518.2656,-1966.0432
3513,-3545.5818,5692.822,-2348.4524
3514,-3980.5566,6033.9336,-2350.19
3515,-4295.6987,6041.2876,-2163.915
3516,-4310.179,5727.3647,-1883.9147
3517,-4382.7524,5561.027,-1692.3728
3518,-4242.3735,5087.312,-1388.4359
3519,-3918.249,4589.6006,-1206.4459
3520,-3464.671,4172.0884,-1201.656
3521,-2644.1777,3497.8452,-1302.8695
3522,-1683.525,2344.1345,-1048.1118
3523,-1168.1036,1262.2083,-403.13916
3524,-1142.6732,1178.8278,-254.0119
3525,-1350.4662,1287.7694,-169.8005
3526,-1690.9852,1489.4171,-54.077297
3527,-2219.2817,1456.8845,284.06012
3528,-2518.12,1222.3082,706.97736
3529,-2760.7754,1006.9103,1079.571
3530,-2979.3691,881.3507,1361.7462
3531,-3158.4846,833.68256,1544.2505
3532,-3236.642,831.35034,1601.9456
3533,-3210.094,796.07104,1562.5133
3534,-3181.589,869.3079,1378.1936
3535,-3478.8696,1343.0328,1180.5781
3536,-4052.8655,2535.4312,677.7739
3537,-4391.072,3423.8635,300.69012
3538,-4526.529,3655.2795,237.34654
3539,-4631.313,3721.3838,259.6617
3540,-4667.5986,3708.856,316.84097
3541,-4742.5737,3573.7114,450.28735
3542,-4797.838,3617.3484,477.8418
3543,-4448.431,3199.554,525.6434
3544,-4019.2114,2645.7957,528.3803
3545,-3383.36,2199.1604,268.00525
3546,-2372.3826,1786.2152,-138.70459
3547,-1384.6288,1302.4316,-400.01212
3548,-1067.4934,1183.798,-496.87036
3549,-1075.9292,1148.3982,-465.45798
3550,-1047.8936,1180.9948,-492.63498
3551,-1219.9669,1060.3528,-325.73517
3552,-1427.8782,908.8029,-112.53795
3553,-1586.9636,777.8929,60.897446
3554,-1609.325,718.1291,140.47096
3555,-1611.4937,698.8872,161.09253
3556,-1592.1412,665.8078,175.64229
3557,-1567.2986,686.068,114.23439
3558,-1587.3203,854.4132,-73.628494
3559,-1852.2654,1340.5033,-259.8821
3560,-2286.3293,2468.5342,-778.33124
3561,-2699.4546,3384.2737,-1084.1451
3562,-3071.9343,3888.3828,-1114.6328
3563,-3645.0837,4387.601,-1057.7539
3564,-4184.6523,4736.7847,-982.96075
3565,-4259.433,4435.908,-656.63367
3566,-4102.094,3820.5408,-217.6963
3567,-4096.771,3466.97,40.68061
3568,-4021.3096,2997.3672,313.4679
3569,-3819.7402,2640.9429,480.55396
3570,-3515.8665,2339.4104,611.69617
3571,-3372.0732,2146.2559,729.64496
3572,-3460.5522,1894.3029,1080.0333
3573,-3554.3308,1628.0071,1414.31
3574,-3516.5847,1451.9575,1530.0569
3575,-3427.715,1177.851,1581.0112
3576,-3305.2537,969.05273,1624.2513
3577,-3192.005,866.1962,1614.065
3578,-3081.7454,800.6363,1569.0204
3579,-2976.6982,800.6534,1479.8425
3580,-2874.9631,910.28564,1296.9146
3581,-2662.8218,1235.6896,866.9058
3582,-2043.2656,1650.1552,344.01996
3583,-2590.206,2618.541,144.2366
3584,-3997.328,3897.695,-7.5194764
3585,-5091.273,4914.7437,-248.65186
3586,-5241.0874,5214.0913,-354.7635
3587,-5388.3716,5470.1357,-391.59296
3588,-4998.559,5149.881,-350.38678
3589,-4801.8125,5080.4575,-418.17252
3590,-4495.4546,4914.515,-583.7775
3591,-4240.8286,4880.1616,-848.9804
3592,-3445.6982,4459.828,-988.7533
3593,-2685.7327,3799.319,-880.6448
3594,-2513.766,2347.5437,331.62335
3595,-2315.6995,968.51715,1439.5432
3596,-1982.0874,720.892,1393.7875
3597,-1688.3107,723.3623,1034.529
3598,-1441.5345,851.3098,604.2132
3599,-1160.7169,1094.9327,119.38563
3600,-1266.3557,1258.547,-45.669796
3601,-1437.7577,1391.0194,-109.09073
3602,-1712.8032,1392.3638,24.945408
3603,-1890.9788,1453.8208,95.8426
3604,-1944.1102,1616.5352,52.142746
3605,-2116.6775,1626.0364,285.61707
3606,-2258.8142,1379.8088,826.4657
3607,-2680.7363,1680.8583,969.5244
3608,-3314.1677,2615.6873,734.62036
3609,-4255.396,3796.7935,413.23123
3610,-4624.64,4151.756,399.12488
3611,-4794.6333,4178.5547,587.18097
3612,-4727.29,3766.8425,1004.06757
3613,-4615.684,3280.4792,1392.7583
3614,-4500.4985,2943.673,1621.4553
3615,-4396.851,2964.965,1534.4187
3616,-4383.3813,2949.7761,1531.9515
3617,-4265.427,2612.9016,1646.5496
3618,-3870.548,2092.2358,1801.4832
3619,-3625.6035,1768.8335,1921.5684
3620,-3318.536,1540.4066,1845.1998
3621,-3061.491,1401.4185,1675.0297
3622,-2921.191,1367.7764,1554.553
3623,-3165.1758,1273.4668,1622.5306
3624,-3073.5847,1154.3009,1589.6442
3625,-2752.4077,1098.4845,1351.467
3626,-2437.0334,1078.5809,1041.8912
3627,-2095.13,1071.2539,702.6348
3628,-1741.5828,1094.1776,395.9336
3629,-1304.7799,1247.14,27.286047
3630,-1878.5422,1191.7976,692.2656
3631,-2720.6282,1550.5496,1277.393
3632,-3086.928,2312.777,1003.93164
3633,-3389.2888,3533.7756,125.0852
3634,-4276.626,5204.086,-973.19147
3635,-4497.043,5836.3486,-1432.636
3636,-4445.4116,6353.83,-1988.1488
3637,-4313.5815,6542.729,-2291.8618
3638,-4087.0825,6328.402,-2291.394
3639,-3683.072,5678.665,-1983.9127
3640,-3235.1267,5076.249,-1854.0818
3641,-2651.0183,3836.409,-1202.6078
3642,-2044.3168,2259.7668,-145.3012
3643,-1587.951,1123.3225,398.12097
3644,-1398.728,1021.64264,338.81836
3645,-1710.8784,1196.3169,458.7933
3646,-2416.2012,1727.064,529.55334
3647,-3072.964,1914.9171,747.5112
3648,-3640.1897,1710.3175,1391.991
3649,-4032.988,1578.35,1862.2703
3650,-4319.2173,1509.8372,2210.1218
3651,-4590.7173,1487.9869,2544.6248
3652,-4750.142,1499.7268,2766.7805
3653,-4852.888,1562.8767,2864.9456
3654,-4545.791,2008.0547,2433.7273
3655,-4800.5283,2284.367,2537.536
3656,-5167.761,2432.9941,2712.2275
3657,-5304.8477,2388.1714,2879.785
3658,-5438.7427,2444.226,2952.0957
3659,-5558.581,2554.431,2969.1626
3660,-5644.268,2596.356,2954.3054
3661,-5636.058,2506.1267,3014.1907
3662,-5527.648,2304.7637,3130.513
3663,-5443.7544,2216.0278,3168.5012
3664,-5360.542,2162.983,3149.1375
3665,-5235.7495,2277.7673,2921.1614
3666,-5000.087,2268.514,2724.6873
3667,-4807.389,2053.166,2743.3403
3668,-4679.2993,1778.7168,2849.1707
3669,-4660.6304,1618.2902,2944.4983
3670,-4659.843,1627.1931,2928.4094
3671,-4688.096,1394.3508,3059.8071
3672,-4783.275,1354.9856,3062.1245
3673,-4895.4126,1294.2141,3112.5745
3674,-4796.8735,1247.9628,3066.9902
3675,-4644.089,1221.2234,2894.917
3676,-4387.4297,1252.1744,2576.2817
3677,-4103.3223,1291.6505,2261.18
3678,-3872.5974,1772.1912,1660.9912
3679,-4347.7783,2701.0708,1335.9133
3680,-5021.0464,3742.8647,1063.0076
3681,-5383.7153,4357.166,903.9216
3682,-5434.908,4364.316,943.9252
3683,-5293.1045,4305.8525,738.3605
3684,-5282.578,4474.3086,432.89822
3685,-5166.1494,4587.845,38.840935
3686,-4791.4478,4261.4243,-126.6542
3687,-4305.0444,4049.2202,-281.9758
3688,-3755.2415,3650.834,-327.2971
3689,-2996.6282,3171.2832,-502.1039
3690,-1890.1334,2439.8564,-715.8281
3691,-1378.6268,1273.4861,-4.641419
3692,-1000.70105,1080.7205,-223.41745
3693,-849.30774,1058.2518,-376.43362
3694,-840.1307,1048.7622,-390.20044
3695,-856.12036,1099.3887,-556.08295
3696,-888.7341,1139.6879,-682.3234
3697,-1031.4158,1020.2305,-564.8034
3698,-1131.0127,944.5473,-484.07248
3699,-1201.6124,903.195,-431.09912
3700,-1198.1989,918.67,-455.34424
3701,-1250.2589,957.84033,-457.70123
3702,-1342.9381,1048.2711,-454.08908
3703,-1866.9359,1808.5078,-654.04504
3704,-2574.7812,3829.8298,-1607.2362
3705,-3218.3992,5760.2837,-2667.7188
3706,-3697.779,6714.4224,-3096.2466
3707,-4011.6235,7366.1426,-3399.7087
3708,-4073.364,7621.908,-3518.4333
3709,-4144.425,7541.982,-3472.9907
3710,-4068.1006,7065.194,-3192.7686
3711,-3689.9233,6360.6226,-2888.2942
3712,-3182.6353,5354.44,-2403.3901
3713,-2416.47,4115.943,-1946.9689
3714,-1610.7152,2435.9082,-1146.2096
3715,-1128.9423,1224.6621,-354.03885
3716,-1181.1632,1223.6168,-291.99554
3717,-1324.2605,1290.0715,-187.12515
3718,-1438.0294,1342.2336,-117.91834
3719,-1681.6814,1336.5145,-45.704517
3720,-1844.6758,1259.6765,69.42647
3721,-2019.4415,1140.5171,219.81706
3722,-2130.0251,1077.1036,306.04398
3723,-2084.199,1069.2646,259.4906
3724,-1782.113,1154.4379,4.901679
3725,-1387.8938,1376.4679,-400.59988
3726,-1444.8158,1179.6906,188.18422
3727,-2510.226,2234.8645,371.1275
3728,-3640.0273,4142.3306,-406.00433
3729,-4217.9746,6016.818,-1914.136
3730,-4293.4946,6831.0596,-2474.3235
3731,-4358.387,7392.8,-2803.1646
3732,-4308.468,7658.7095,-3047.3135
3733,-4257.2607,7667.09,-3133.4377
3734,-4142.065,7323.645,-3027.1118
3735,-3801.3975,6429.15,-2661.2712
3736,-2426.4402,3930.6016,-1422.8064
3737,-1998.8398,2452.3396,-353.3747
3738,-1922.8616,1540.6132,401.8187
3739,-1777.4741,922.0111,854.4874
3740,-1694.832,935.2288,715.8764
3741,-1690.7748,1090.0137,540.2745
3742,-1880.8685,1361.9862,450.08026
3743,-1999.6232,1624.4259,195.77332
3744,-2201.34,1489.6298,315.69098
3745,-2150.9504,1384.9677,335.948
3746,-2077.8472,1310.9801,327.78528
3747,-1966.4082,1270.518,275.68585
3748,-1715.348,1314.0515,101.73635
3749,-1452.226,1355.3264,-41.574547
3750,-1724.823,1272.7388,414.96426
3751,-2430.7258,2125.9695,424.59637
3752,-3262.0693,3554.2793,-89.53283
3753,-4118.2075,5497.0,-1483.0004
3754,-4559.492,6449.411,-1888.9027
3755,-4890.866,7044.6685,-2071.1064
3756,-4981.9507,7291.9663,-2174.8452
3757,-4947.263,7382.1,-2269.2288
3758,-4759.0107,7158.8213,-2264.081
3759,-4525.7563,6782.165,-2254.2725
3760,-4121.6055,6148.4814,-2262.4514
3761,-2980.3955,4739.9697,-1712.8596
3762,-2277.2112,2693.4812,-217.2013
3763,-1974.6735,972.402,1017.5568
3764,-1791.6343,805.4806,1050.9308
3765,-1589.7568,809.3947,820.93774
3766,-1383.3113,952.8389,446.64917
3767,-1161.1555,1218.9484,-148.99318
3768,-1139.361,1269.974,-372.28455
3769,-1199.5822,1138.3331,-309.72296
3770,-1166.0062,1107.3551,-343.39957
3771,-1100.3087,1119.0739,-413.71643
3772,-934.5233,1174.3527,-559.50586
3773,-889.5168,1128.9634,-510.9112
3774,-1351.8114,1058.5186,212.78918
3775,-2239.0876,2346.5015,29.775734
3776,-3298.0334,4350.752,-960.0382
3777,-4093.2014,6103.277,-2140.047
3778,-4359.6396,6778.131,-2406.3599
3779,-4430.7974,7282.2026,-2701.3462
3780,-4410.996,7417.9653,-2823.5642
3781,-4300.355,7363.1665,-2902.454
3782,-4183.754,7130.7456,-2898.0454
3783,-3953.4346,6717.8286,-2795.0625
3784,-3518.6436,5971.8867,-2566.5735
3785,-2766.9456,4610.4346,-1876.3126
3786,-2263.422,2825.851,-455.51907
3787,-2038.2151,1315.3127,806.1683
3788,-1860.9343,1050.9785,855.1238
3789,-1828.6549,1093.615,656.9691
3790,-1823.6711,1182.5259,540.18567
3791,-1827.9755,1490.3401,39.89023
3792,-1886.4725,1675.9901,-241.75766
3793,-1994.7284,1674.0367,-269.49835
3794,-1976.6455,1569.0428,-235.8076
3795,-1958.8464,1577.4905,-261.0807
3796,-1916.8593,1611.4619,-327.6887
3797,-1846.6055,1523.4313,-372.6
3798,-1814.4902,1477.7245,-408.78543
3799,-2460.4373,2313.1748,-591.9323
3800,-3057.7014,3857.5886,-1272.8783
3801,-3696.3445,5435.0835,-2015.4392
3802,-4295.5283,6478.656,-2493.198
3803,-4524.127,6869.877,-2579.0764
3804,-4616.2534,6917.584,-2504.6472
3805,-4770.8267,6592.0854,-2129.1023
3806,-4821.166,6098.4976,-1708.2518
3807,-4823.298,5647.3276,-1365.0546
3808,-4643.0234,5097.305,-1054.0396
3809,-4136.317,4351.663,-734.373
3810,-3729.6423,3289.805,23.268671
3811,-3244.4026,2434.055,465.192
3812,-3087.6682,2030.7433,642.5498
3813,-3040.8916,1883.1566,650.4303
3814,-2947.2148,1964.9908,489.68735
3815,-2778.1277,1844.2064,309.83963
3816,-2627.8376,1621.3442,303.36505
3817,-2511.44,1457.6418,299.1101
3818,-2407.0571,1433.9128,232.21118
3819,-2351.1592,1421.1249,207.98491
3820,-2287.8281,1490.6709,117.6015
3821,-2253.4424,1691.037,-60.268654
3822,-2419.156,2196.6091,-264.1001
3823,-3127.3196,3665.9617,-931.5141
3824,-3583.8682,5036.19,-1693.1663
3825,-3979.8787,5897.219,-2140.1306
3826,-4107.2373,6423.579,-2464.794
3827,-4119.8433,6742.5127,-2674.155
3828,-4207.4834,6806.8276,-2661.1748
3829,-4383.4307,6806.74,-2547.2615
3830,-4434.714,6474.4365,-2288.7205
3831,-4453.63,6081.7124,-2015.9557
3832,-3978.2312,5449.807,-1806.0183
3833,-3359.836,4642.167,-1561.2423
3834,-3118.1943,3603.4583,-831.76715
3835,-2609.5188,2143.3357,229.28749
3836,-2459.565,1736.7772,464.69055
3837,-2456.9214,1786.7445,315.07074
3838,-2437.7903,1847.9764,182.78918
3839,-2228.8755,1898.2588,-172.59029
3840,-2097.718,1861.2837,-308.03928
3841,-2018.5525,1677.1201,-282.3932
3842,-1957.3533,1564.4376,-272.00464
3843,-1931.6445,1519.313,-268.60083
3844,-1853.247,1530.5493,-345.5882
3845,-1786.0992,1484.2563,-402.58365
3846,-1842.9525,1724.3662,-552.9871
3847,-2320.2837,2710.6533,-974.7097
3848,-3135.1091,4609.0366,-1782.9155
3849,-3950.288,6019.302,-2377.2944
3850,-4346.4272,6779.933,-2690.3113
3851,-4450.7056,7131.1255,-2855.0542
3852,-4513.8667,7126.669,-2828.1726
3853,-4609.561,6918.716,-2637.3208
3854,-4634.054,6492.972,-2317.9648
3855,-4401.579,5958.3574,-2069.7976
3856,-4103.197,5388.4434,-1780.7529
3857,-3458.451,4575.522,-1529.835
3858,-2974.4346,3511.9163,-983.27594
3859,-2562.0037,2144.1023,103.06663
3860,-2595.016,1925.4529,328.0318
3861,-2542.4836,1901.827,249.91824
3862,-2469.5593,1899.139,152.85094
3863,-2299.951,1887.245,-60.754242
3864,-2181.596,1696.7073,-112.313255
3865,-2107.7751,1495.4946,-48.126003
3866,-2063.5579,1383.8788,-10.257165
3867,-2026.0082,1339.8314,-5.031029
3868,-1920.8406,1311.9664,-74.7817
3869,-1812.9025,1285.4066,-202.44197
3870,-1715.5765,1355.711,-391.88486
3871,-2109.1091,2114.444,-691.8871
3872,-2790.7896,3806.7483,-1439.9277
3873,-3464.7595,5315.8213,-2140.9004
3874,-3909.0317,6315.4106,-2680.8655
3875,-4140.764,7068.065,-3125.4321
3876,-4163.6387,7325.9307,-3307.4136
3877,-4185.148,7069.555,-3125.3677
3878,-4069.815,6406.0015,-2700.233
3879,-3739.8325,5663.494,-2303.3665
3880,-3285.9731,4894.158,-1960.7712
3881,-2806.2659,4100.156,-1679.347
3882,-2245.1309,2894.3765,-1055.7391
3883,-1839.7743,1602.3274,20.567934
3884,-1975.4039,1361.3978,421.27713
3885,-2054.1404,1360.7719,503.75327
3886,-2076.061,1417.8265,468.4165
3887,-2040.7301,1636.8883,52.302456
3888,-1974.6086,1685.4847,-213.03214
3889,-1933.0012,1507.5626,-199.20753
3890,-1860.0718,1391.8658,-187.21071
3891,-1813.4397,1365.788,-202.6756
3892,-1709.9478,1420.8563,-321.349
3893,-1455.4111,1387.1554,-362.94952
3894,-1660.3688,1225.9143,378.42767
3895,-2487.6396,1839.9984,696.3185
3896,-3014.402,2870.967,383.2012
3897,-3295.943,4296.8394,-932.3441
3898,-3896.808,5633.901,-1806.9623
3899,-4146.4204,6392.257,-2286.1743
3900,-4081.0852,6300.6157,-2281.6453
3901,-4124.9663,6478.8813,-2423.4512
3902,-3633.8352,5755.174,-2210.8806
3903,-2693.251,3827.1338,-1059.8954
3904,-2822.8367,4063.4565,-1185.7996
3905,-2989.1575,3215.6445,-28.317629
3906,-2801.7246,1649.3892,1293.7937
3907,-2578.2034,976.58575,1674.4785
3908,-2416.0667,832.06854,1645.4941
3909,-2065.8809,880.0453,1245.7905
3910,-1804.2172,975.0973,821.2716
3911,-1653.973,1258.9364,172.05072
3912,-1679.5834,1441.4275,-110.3347
3913,-1711.9552,1482.8344,-167.58363
3914,-1660.6471,1464.4364,-182.42702
3915,-1615.5464,1443.749,-168.48859
3916,-1620.2108,1419.7084,-57.712997
3917,-1787.8529,1346.6503,273.07266
3918,-2106.7358,1147.217,861.8221
3919,-2533.039,1322.9347,1277.5
3920,-3015.315,2099.3574,1115.6046
3921,-3726.5159,4079.5684,-165.22836
3922,-4567.308,6190.66,-1803.5199
3923,-4751.2856,7013.78,-2368.3413
3924,-4870.42,7534.316,-2758.3982
3925,-4971.424,7444.6616,-2574.6873
3926,-5007.238,6901.488,-2081.0654
3927,-4979.581,6560.2437,-1815.5242
3928,-4789.323,6035.248,-1559.1641
3929,-4173.2847,4912.8076,-935.7837
3930,-3190.164,2799.762,456.322
3931,-2553.7324,1198.2533,1410.6064
3932,-2189.8076,887.2502,1325.0479
3933,-1762.0326,787.59973,939.85254
3934,-1441.4852,927.0149,456.56552
3935,-1135.6229,1159.7053,-136.16878
3936,-1120.873,1210.9672,-296.8472
3937,-1150.873,1140.7446,-324.5574
3938,-1103.2938,1109.5973,-373.5102
3939,-1002.3497,1131.4143,-444.98297
3940,-885.61536,1101.6136,-453.51
3941,-930.00684,1085.0154,-383.30228
3942,-1586.0255,897.80585,594.7366
3943,-2621.629,1999.7017,715.27423
3944,-3460.1577,3623.659,-69.3217
3945,-4212.839,5506.157,-1559.4618
3946,-4517.7925,6548.691,-2313.137
3947,-4595.183,7066.238,-2664.207
3948,-4581.4814,7356.0415,-2851.5488
3949,-4567.1074,7309.491,-2830.7703
3950,-4432.4375,6912.699,-2665.2766
3951,-4324.1616,6328.9565,-2260.6064
3952,-3626.6887,5087.44,-1566.81
3953,-3042.8367,3401.1978,-219.01642
3954,-2780.669,2013.2211,890.13513
3955,-2466.948,1099.4568,1441.185
3956,-1942.0674,832.48517,1116.5084
3957,-1607.3494,925.8928,608.09094
3958,-1577.4911,1016.5699,477.49313
3959,-1512.5203,1207.5455,237.6697
3960,-1545.4059,1411.922,-76.471085
3961,-1631.9418,1475.7714,-144.92819
3962,-1728.939,1479.595,-95.174866
3963,-1742.4568,1522.0054,-116.431076
3964,-1707.5416,1515.3308,-116.42239
3965,-1673.0101,1448.4058,-15.893248
3966,-1885.052,1195.9059,559.27386
3967,-2387.7002,1369.4872,1010.5379
3968,-2712.8257,1837.2432,998.0277
3969,-2760.5254,2511.4597,484.24844
3970,-3260.3284,3757.9446,-269.84058
3971,-3697.4224,4813.739,-1122.6437
3972,-3856.703,5753.5273,-2014.7175
3973,-3807.973,6022.376,-2287.6243
3974,-3365.2998,5542.291,-2250.9546
3975,-3438.5164,5560.131,-2296.175
3976,-3339.804,5281.633,-2136.722
3977,-2865.3462,4271.6587,-1521.5121
3978,-2463.9612,2844.2554,-248.81305
3979,-2118.569,1340.0023,789.54895
3980,-1944.6482,1030.1423,910.63196
3981,-1734.0897,1038.4171,562.92194
3982,-1549.8975,1130.96,254.14493
3983,-1421.9637,1368.4619,-339.35715
3984,-1361.7697,1373.4629,-509.48297
3985,-1282.5331,1350.0927,-615.147
3986,-1228.1285,1299.9883,-650.0016
3987,-1164.9642,1276.9138,-669.8479
3988,-1089.5618,1241.547,-659.6372
3989,-1042.767,1207.4757,-596.4112
3990,-1236.3655,1217.3707,-213.58072
3991,-2149.8735,2418.5442,-231.35796
3992,-2981.305,4133.0483,-1068.8868
3993,-3690.292,5487.5083,-1845.0103
3994,-4245.573,6107.2266,-2023.4846
3995,-4191.0557,5791.577,-1717.6025
3996,-3963.4229,5390.6597,-1449.3884
3997,-4225.3037,6493.883,-2398.583
3998,-4214.4434,7056.053,-2883.7312
3999,-4141.7886,6763.3657,-2846.5012
4000,-3610.7256,5771.9526,-2411.1704
4001,-2727.0764,4215.2896,-1691.4647
4002,-1959.6221,2556.897,-717.64923
4003,-1593.2214,1117.3615,482.68454
4004,-1533.4661,816.5506,768.8498
4005,-1312.4988,787.3648,531.145
4006,-1017.10834,998.0442,-132.41032
4007,-910.3306,1057.371,-433.1905
4008,-922.2603,1127.4447,-619.9153
4009,-912.88965,1144.7108,-711.1749
4010,-892.40454,1141.2014,-734.09894
4011,-876.41235,1144.5978,-734.583
4012,-935.5443,1099.3146,-649.63257
4013,-1048.7277,1127.1284,-617.3547
4014,-1070.253,1298.2202,-695.4189
4015,-1721.5243,2563.1492,-1182.0112
4016,-2595.4172,4513.0825,-2009.5398
4017,-3447.4307,5998.703,-2643.3564
4018,-3904.6155,6727.289,-2912.8806
4019,-4107.9683,7096.3433,-2992.5034
4020,-4383.574,7032.1655,-2746.377
4021,-4622.171,6844.9526,-2419.0276
4022,-4763.808,6536.7207,-2099.2207
4023,-4575.089,5855.672,-1759.5946
4024,-3890.1274,4984.314,-1451.9305
4025,-3175.7834,4105.289,-1240.6462
4026,-2554.6362,3000.8528,-777.1902
4027,-2053.051,1826.5857,-103.723976
4028,-1891.8938,1614.971,-43.09827
4029,-1941.5735,1649.0164,-53.56145
4030,-2125.6047,1596.6766,75.972466
4031,-2243.7644,1397.7115,259.86557
4032,-2215.2095,1115.0754,421.71982
4033,-2193.2556,913.3961,539.1401
4034,-2169.247,777.9706,665.11145
4035,-2149.52,629.47284,813.6331
4036,-2070.0686,551.9973,830.6468
4037,-1994.0752,447.99747,863.665
4038,-2007.6584,539.783,729.946
4039,-2287.6223,777.38696,696.0586
4040,-2645.0466,1518.7468,337.94788
4041,-2918.5996,2228.42,28.252508
4042,-3324.4475,2958.8655,-227.9653
4043,-3929.6355,3732.5906,-419.03308
4044,-4626.4604,4441.6,-555.56885
4045,-5074.27,4744.0884,-382.4045
4046,-5098.1753,4457.9126,-65.7976
4047,-4980.012,4118.3633,146.16928
4048,-4529.334,3465.5432,265.50912
4049,-3761.0269,2619.6086,316.55652
4050,-2921.877,2200.1453,138.64442
4051,-1805.8406,1641.5177,-135.55399
4052,-1254.8611,1250.6428,-113.11381
4053,-1219.9521,1171.0244,-144.3558
4054,-1128.6871,1203.4875,-175.16008
4055,-1261.9783,1090.411,-82.908714
4056,-1621.533,843.9073,234.03499
4057,-1826.9355,762.8978,397.87744
4058,-1925.0139,773.45166,446.331
4059,-1948.6581,773.0638,458.30325
4060,-1872.2207,807.6588,352.33792
4061,-1668.4254,950.1716,86.155655
4062,-1301.1522,1384.9894,-336.28564
4063,-1709.9915,2083.2117,-348.3338
4064,-2268.8794,3258.4175,-830.7955
4065,-2703.025,3861.1716,-921.4685
4066,-2616.4229,3761.4197,-877.41724
4067,-2528.135,3597.9038,-805.2245
4068,-2906.5881,4212.786,-1224.5356
4069,-3270.3203,4604.8296,-1324.2761
4070,-3141.1426,4296.5957,-1042.2341
4071,-3125.9937,4338.4224,-1050.1158
4072,-2824.164,3895.0188,-865.9489
4073,-2496.7156,3158.2053,-419.69598
4074,-2183.2917,2229.7336,132.72487
4075,-2143.1292,1184.6581,1030.1841
4076,-1916.4021,733.20776,1250.0592
4077,-1583.5526,700.8895,932.531
4078,-1328.2642,841.6846,503.0013
4079,-994.4558,1110.9419,-199.50291
4080,-1023.3774,1206.2429,-415.30835
4081,-1048.4987,1158.8964,-412.51834
4082,-1091.79,1101.4099,-385.10822
4083,-1022.6878,1124.9525,-466.49414
4084,-913.65906,1141.5212,-530.42596
4085,-867.2853,1098.3302,-506.3135
4086,-1419.7725,1031.5723,291.46893
4087,-2387.8113,1852.0662,659.9545
4088,-2836.918,3314.479,-274.31677
4089,-2790.6975,4101.8984,-1155.4863
4090,-2485.0015,3784.5173,-1103.0587
4091,-2575.5522,3577.1501,-756.59265
4092,-2806.8357,3671.9143,-577.919
4093,-3060.251,4229.2393,-941.1792
4094,-3053.87,4435.7944,-1206.5005
4095,-3046.0776,4448.13,-1258.5237
4096,-2594.6384,3353.5308,-613.7118
4097,-2232.2625,2038.6626,337.16965
4098,-2242.4346,1124.0361,1194.1597
4099,-2164.1423,764.84283,1469.8237
4100,-1895.7969,688.41473,1314.1974
4101,-1492.1516,679.8974,856.0094
4102,-1248.787,814.2368,376.51706
4103,-965.3662,1029.6844,-266.5836
4104,-966.8286,1102.5287,-454.36734
4105,-1039.9716,1163.4469,-528.0548
4106,-1101.4355,1204.0249,-539.783
4107,-1137.9989,1215.9525,-483.4088
4108,-1150.4327,1212.3965,-435.3625
4109,-1158.7596,1191.985,-331.5647
4110,-1488.0255,1044.4296,316.4665
4111,-2244.6328,1142.4994,1123.017
4112,-2714.6877,1501.4591,1375.3292
4113,-2899.9924,2126.0078,1038.9941
4114,-3217.193,2826.2239,761.90546
4115,-3715.1892,3630.9346,448.57837
4116,-4172.351,5385.304,-1145.1733
4117,-4478.126,6454.2603,-2086.5195
4118,-4480.7163,6795.7583,-2428.8677
4119,-4358.856,6327.9316,-2110.6301
4120,-3839.0151,5268.0337,-1439.3665
4121,-3364.5686,3860.0447,-287.90204
4122,-2895.7585,2370.1057,683.7304
4123,-2511.7068,1127.9631,1468.1924
4124,-2120.6306,842.1787,1377.7874
4125,-1704.4558,800.2392,954.1751
4126,-1553.598,887.00714,628.3234
4127,-1337.0975,1145.647,48.529114
4128,-1387.575,1323.3422,-240.35124
4129,-1449.9276,1369.826,-289.49274
4130,-1442.0316,1376.9896,-358.68268
4131,-1397.4857,1347.4781,-359.15363
4132,-1339.127,1304.9028,-340.25317
4133,-1321.4896,1273.2529,-271.6091
4134,-1723.2787,1054.4496,616.276
4135,-2350.4207,1122.3871,1289.3947
4136,-2581.455,1449.5809,1294.8418
4137,-2672.808,1898.0547,1025.7404
4138,-2978.2131,2406.5168,910.2287
4139,-3181.5159,2599.5127,957.31726
4140,-2988.8545,2641.1582,685.2772
4141,-2952.3137,2899.324,380.58652
4142,-2778.7417,2884.9668,151.94028
4143,-2453.5693,2519.9543,98.881355
4144,-2158.7554,2248.1992,19.073973
4145,-1974.9174,1686.9755,377.56018
4146,-1976.4873,1317.5668,685.746
4147,-2025.3396,934.07043,1101.9725
4148,-1721.8317,856.3251,860.57684
4149,-1599.8751,831.8967,747.727
4150,-1519.8026,1061.4932,347.8057
4151,-1586.057,1409.0554,-65.89209
4152,-1791.5706,1564.2119,-167.68382
4153,-2006.4817,1584.7389,-94.00703
4154,-2108.7517,1504.1179,13.515763
4155,-2166.3062,1544.6901,40.229248
4156,-2048.478,1600.1488,-48.16246
4157,-1805.4104,1577.3397,-158.90233
4158,-1712.6255,1473.0162,118.55582
4159,-2036.6056,2232.5273,-152.54333
4160,-2419.0447,3400.6829,-958.20325
4161,-2931.1042,4466.2573,-1597.6656
4162,-3375.9478,5145.747,-1860.2472
4163,-3207.4958,4745.206,-1537.1335
4164,-3437.7336,5023.003,-1600.6049
4165,-3526.7356,5129.275,-1633.4725
4166,-3381.5806,4863.467,-1481.9355
4167,-3392.8398,4542.3203,-1230.5896
4168,-3166.74,4155.1245,-1068.3745
4169,-2542.8186,3522.5186,-928.9321
4170,-2024.9902,2514.831,-380.826
4171,-1728.897,1571.6482,182.81499
4172,-1333.105,1146.592,191.32838
4173,-1166.5016,1184.3116,-81.95341
4174,-1136.8456,1166.3319,-76.71512
4175,-1155.8792,1136.843,-70.82162
4176,-1253.6339,1048.9939,-13.178127
4177,-1369.7448,952.5102,108.733215
4178,-1517.5676,885.7077,246.36264
4179,-1604.4347,858.09644,331.28903
4180,-1530.6,881.019,240.88602
4181,-1501.5829,917.11554,132.37593
4182,-1603.9933,1094.1328,31.695017
4183,-1894.8462,1994.9847,-432.49362
4184,-2501.0364,3587.7637,-1226.7184
4185,-3468.9878,5118.483,-1835.1825
4186,-3745.7585,5626.2095,-2062.513
4187,-4227.721,6115.7393,-2193.3975
4188,-4402.2437,6179.661,-2139.4424
4189,-4581.934,6236.058,-2066.04
4190,-4482.4673,5775.312,-1763.7192
4191,-4318.9004,5363.7446,-1558.1354
4192,-3735.0535,4607.824,-1335.6975
4193,-2892.0264,3765.2354,-1299.6179
4194,-1808.1823,2646.3423,-1177.9941
4195,-1152.0554,1266.4517,-394.50772
4196,-978.34143,1082.6115,-344.09198
4197,-862.55676,1035.7144,-371.07703
4198,-873.1686,1054.8086,-371.74713
4199,-953.32446,1133.1443,-492.4202
4200,-1155.5295,1039.7485,-404.87616
4201,-1309.6951,921.4302,-264.94876
4202,-1411.4999,823.7184,-158.67268
4203,-1413.0618,791.96063,-128.13278
4204,-1358.1487,786.87976,-184.59009
4205,-1330.3031,815.6769,-264.20352
4206,-1397.24,945.77997,-315.13138
4207,-1729.0597,1402.9318,-406.9207
4208,-2371.7515,2927.0752,-1106.4088
4209,-3147.7778,4682.075,-1880.5037
4210,-3648.971,5496.6533,-2224.9832
4211,-4090.7004,6268.0107,-2594.807
4212,-4329.9277,6734.706,-2811.2556
4213,-4342.074,6641.578,-2707.7358
4214,-3999.7415,5925.448,-2346.7966
4215,-3426.3994,5122.446,-2074.4014
4216,-2982.2126,4384.362,-1781.9927
4217,-2367.447,3292.1167,-1417.8424
4218,-1681.4865,2063.893,-992.2464
4219,-1045.5328,1310.4054,-795.87286
4220,-815.36566,1080.2538,-685.2099
4221,-756.4458,1013.3678,-655.25604
4222,-800.80304,980.9293,-481.85287
4223,-740.4354,994.1397,-621.79315
4224,-812.80273,1092.1002,-813.0886
4225,-902.91205,1060.0751,-772.98157
4226,-966.89197,1037.2417,-720.53595
4227,-1002.71826,1049.7863,-701.202
4228,-931.2876,1131.0658,-785.5069
4229,-911.0051,1153.6322,-741.00574
4230,-1192.4546,1224.4033,-313.0665
4231,-1931.4934,1917.9105,8.391061
4232,-2653.0286,3406.604,-627.4503
4233,-3335.1716,4869.488,-1414.6132
4234,-3907.9553,5828.1953,-1878.9703
4235,-3872.5127,5683.104,-1735.5946
4236,-3486.76,5504.3184,-1880.9874
4237,-3249.8477,5334.5317,-1902.1443
4238,-3101.744,5166.4214,-1861.1476
4239,-2983.192,4950.48,-1795.1554
4240,-2585.0923,4086.077,-1429.4457
4241,-2208.0605,2912.4297,-649.60205
4242,-1939.1835,1618.0103,333.54932
4243,-1946.6545,875.15045,1044.5566
4244,-1838.3063,781.82684,1066.2772
4245,-1749.5942,743.483,1031.058
4246,-1692.9597,779.0885,921.96515
4247,-1417.52,1046.3671,271.84506
4248,-1335.8563,1217.8317,-34.64588
4249,-1336.0383,1271.7324,-153.07156
4250,-1428.0748,1346.2942,-223.87303
4251,-1440.0547,1341.0989,-167.2875
4252,-1353.0778,1286.8376,-170.47112
4253,-1251.1301,1188.5433,-138.71278
4254,-1821.9675,1070.391,732.5106
4255,-2586.9177,1531.4777,1110.4259
4256,-2867.292,2280.4468,794.85126
4257,-3035.248,3398.508,3.6202555
4258,-3910.4722,5237.306,-1251.5309
4259,-4486.7856,6540.151,-2125.7383
4260,-4583.7397,6795.0854,-2236.8806
4261,-4678.6533,6981.019,-2299.2112
4262,-4647.02,6614.89,-1995.5131
4263,-4625.317,6236.968,-1710.391
4264,-4131.5186,5573.591,-1515.6787
4265,-3318.622,4241.791,-763.2711
4266,-2838.1526,2409.8694,615.55634
4267,-2664.446,922.29584,1823.6559
4268,-2350.992,679.4127,1766.6603
4269,-1889.7225,652.8566,1367.7776
4270,-1496.5879,722.5423,793.1177
4271,-1060.1991,977.6737,-14.28595
4272,-985.84924,1096.6262,-340.13983
4273,-1002.7116,1138.9225,-437.71603
4274,-993.189,1135.8055,-452.39078
4275,-1010.72345,1150.4863,-477.90616
4276,-998.67224,1137.1075,-469.2353
4277,-1025.592,1134.2556,-415.59454
4278,-1416.4402,1037.0743,227.18765
4279,-2283.9395,2086.3713,246.18631
4280,-3034.9963,3562.8389,-318.41095
4281,-3730.2214,5144.8613,-1414.6471
4282,-4077.5674,5561.636,-1494.9537
4283,-4329.0225,6070.7866,-1774.1608
4284,-4376.793,6589.9634,-2247.2617
4285,-4415.302,7086.703,-2616.591
4286,-4345.899,6877.2744,-2543.2012
4287,-3807.3677,6127.671,-2309.8447
4288,-3002.5305,4954.4175,-1885.5538
4289,-2580.8545,3452.8594,-793.9122
4290,-2392.907,1650.7609,858.25653
4291,-2346.0234,805.29755,1623.3367
4292,-2087.7983,692.578,1519.3467
4293,-1796.9733,655.889,1263.0331
4294,-1411.097,766.3449,651.12396
4295,-1145.0422,991.3707,96.06207
4296,-1109.112,1160.2692,-239.0341
4297,-1100.4792,1183.8733,-371.3947
4298,-1130.6161,1208.2554,-427.89023
4299,-1106.1729,1194.6472,-462.93036
4300,-984.09875,1116.6443,-473.25415
4301,-942.7483,1073.2941,-433.51465
4302,-1499.2334,1025.9119,367.22
4303,-2498.6973,1748.0151,846.2513
4304,-3045.3845,3330.4072,-55.128574
4305,-3704.4402,5198.765,-1517.1235
4306,-4070.316,6285.7163,-2304.3093
4307,-4150.648,6771.061,-2598.4563
4308,-4109.4253,7197.9023,-2960.2634
4309,-4158.207,7388.9624,-3062.2375
4310,-4074.335,7185.3647,-3022.6406
4311,-3928.6094,6649.1235,-2760.3176
4312,-3611.1826,5731.137,-2160.1187
4313,-2927.5425,3984.9968,-955.63916
4314,-2630.821,2122.7783,660.0716
4315,-2311.1655,1002.23865,1400.5123
4316,-1406.1255,820.5788,528.3843
4317,-1030.2737,949.60144,-94.48344
4318,-959.1857,984.6018,-252.02045
4319,-920.6232,986.54175,-304.2994
4320,-828.91327,1016.736,-499.0024
